Element, originalIndex, hash, key
0, 0, 901141826, 1826
1, 1, 901141826, 1826
2, 2, 1351712739, 2739
3, 3, 1351712739, 2739
4, 4, 1802283652, 652
5, 5, 1802283652, 652
6, 6, 2252854565, 1565
7, 7, 2252854565, 1565
8, 8, 2703425478, 2478
9, 9, 2703425478, 2478
10, 10, 901141826, 1826
11, 11, 901141826, 1826
12, 12, 1351712739, 2739
13, 13, 1351712739, 2739
14, 14, 1802283652, 652
15, 15, 1802283652, 652
16, 16, 2252854565, 1565
17, 17, 2252854565, 1565
18, 18, 2703425478, 2478
19, 19, 2703425478, 2478
20, 20, 901141826, 1826
21, 21, 901141826, 1826
22, 22, 1351712739, 2739
23, 23, 1351712739, 2739
24, 24, 1802283652, 652
25, 25, 1802283652, 652
26, 26, 2252854565, 1565
27, 27, 2252854565, 1565
28, 28, 2703425478, 2478
29, 29, 2703425478, 2478
30, 30, 901141826, 1826
31, 31, 901141826, 1826
32, 32, 1351712739, 2739
33, 33, 1351712739, 2739
34, 34, 1802283652, 652
35, 35, 1802283652, 652
36, 36, 2252854565, 1565
37, 37, 2252854565, 1565
38, 38, 2703425478, 2478
39, 39, 2703425478, 2478
40, 40, 901141826, 1826
41, 41, 901141826, 1826
42, 42, 1351712739, 2739
43, 43, 1351712739, 2739
44, 44, 1802283652, 652
45, 45, 1802283652, 652
46, 46, 2252854565, 1565
47, 47, 2252854565, 1565
48, 48, 2703425478, 2478
49, 49, 2703425478, 2478
50, 50, 901141826, 1826
51, 51, 901141826, 1826
52, 52, 1351712739, 2739
53, 53, 1351712739, 2739
54, 54, 1802283652, 652
55, 55, 1802283652, 652
56, 56, 2252854565, 1565
57, 57, 2252854565, 1565
58, 58, 2703425478, 2478
59, 59, 2703425478, 2478
60, 60, 901141826, 1826
61, 61, 901141826, 1826
62, 62, 1351712739, 2739
63, 63, 1351712739, 2739
64, 64, 1802283652, 652
65, 65, 1802283652, 652
66, 66, 2252854565, 1565
67, 67, 2252854565, 1565
68, 68, 2703425478, 2478
69, 69, 2703425478, 2478
70, 70, 901141826, 1826
71, 71, 901141826, 1826
72, 72, 1351712739, 2739
73, 73, 1351712739, 2739
74, 74, 1802283652, 652
75, 75, 1802283652, 652
76, 76, 2252854565, 1565
77, 77, 2252854565, 1565
78, 78, 2703425478, 2478
79, 79, 2703425478, 2478
80, 80, 901141826, 1826
81, 81, 901141826, 1826
82, 82, 1351712739, 2739
83, 83, 1351712739, 2739
84, 84, 1802283652, 652
85, 85, 1802283652, 652
86, 86, 2252854565, 1565
87, 87, 2252854565, 1565
88, 88, 2703425478, 2478
89, 89, 2703425478, 2478
90, 90, 901141826, 1826
91, 91, 901141826, 1826
92, 92, 1351712739, 2739
93, 93, 1351712739, 2739
94, 94, 1802283652, 652
95, 95, 1802283652, 652
96, 96, 2252854565, 1565
97, 97, 2252854565, 1565
98, 98, 2703425478, 2478
99, 99, 2703425478, 2478
100, 100, 901141826, 1826
101, 101, 901141826, 1826
102, 102, 1351712739, 2739
103, 103, 1351712739, 2739
104, 104, 1802283652, 652
105, 105, 1802283652, 652
106, 106, 2252854565, 1565
107, 107, 2252854565, 1565
108, 108, 2703425478, 2478
109, 109, 2703425478, 2478
110, 110, 901141826, 1826
111, 111, 901141826, 1826
112, 112, 1351712739, 2739
113, 113, 1351712739, 2739
114, 114, 1802283652, 652
115, 115, 1802283652, 652
116, 116, 2252854565, 1565
117, 117, 2252854565, 1565
118, 118, 2703425478, 2478
119, 119, 2703425478, 2478
120, 120, 901141826, 1826
121, 121, 901141826, 1826
122, 122, 1351712739, 2739
123, 123, 1351712739, 2739
124, 124, 1802283652, 652
125, 125, 1802283652, 652
126, 126, 2252854565, 1565
127, 127, 2252854565, 1565
128, 128, 2703425478, 2478
129, 129, 2703425478, 2478
130, 130, 901141826, 1826
131, 131, 901141826, 1826
132, 132, 1351712739, 2739
133, 133, 1351712739, 2739
134, 134, 1802283652, 652
135, 135, 1802283652, 652
136, 136, 2252854565, 1565
137, 137, 2252854565, 1565
138, 138, 2703425478, 2478
139, 139, 2703425478, 2478
140, 140, 901141826, 1826
141, 141, 901141826, 1826
142, 142, 1351712739, 2739
143, 143, 1351712739, 2739
144, 144, 1802283652, 652
145, 145, 1802283652, 652
146, 146, 2252854565, 1565
147, 147, 2252854565, 1565
148, 148, 2703425478, 2478
149, 149, 2703425478, 2478
150, 150, 901141826, 1826
151, 151, 901141826, 1826
152, 152, 1351712739, 2739
153, 153, 1351712739, 2739
154, 154, 1802283652, 652
155, 155, 1802283652, 652
156, 156, 2252854565, 1565
157, 157, 2252854565, 1565
158, 158, 2703425478, 2478
159, 159, 2703425478, 2478
160, 160, 901141826, 1826
161, 161, 901141826, 1826
162, 162, 1351712739, 2739
163, 163, 1351712739, 2739
164, 164, 1802283652, 652
165, 165, 1802283652, 652
166, 166, 2252854565, 1565
167, 167, 2252854565, 1565
168, 168, 2703425478, 2478
169, 169, 2703425478, 2478
170, 170, 901141826, 1826
171, 171, 901141826, 1826
172, 172, 1351712739, 2739
173, 173, 1351712739, 2739
174, 174, 1802283652, 652
175, 175, 1802283652, 652
176, 176, 2252854565, 1565
177, 177, 2252854565, 1565
178, 178, 2703425478, 2478
179, 179, 2703425478, 2478
180, 180, 901141826, 1826
181, 181, 901141826, 1826
182, 182, 1351712739, 2739
183, 183, 1351712739, 2739
184, 184, 1802283652, 652
185, 185, 1802283652, 652
186, 186, 2252854565, 1565
187, 187, 2252854565, 1565
188, 188, 2703425478, 2478
189, 189, 2703425478, 2478
190, 190, 901141826, 1826
191, 191, 901141826, 1826
192, 192, 1351712739, 2739
193, 193, 1351712739, 2739
194, 194, 1802283652, 652
195, 195, 1802283652, 652
196, 196, 2252854565, 1565
197, 197, 2252854565, 1565
198, 198, 2703425478, 2478
199, 199, 2703425478, 2478
200, 200, 901141826, 1826
201, 201, 901141826, 1826
202, 202, 1351712739, 2739
203, 203, 1351712739, 2739
204, 204, 1802283652, 652
205, 205, 1802283652, 652
206, 206, 2252854565, 1565
207, 207, 2252854565, 1565
208, 208, 2703425478, 2478
209, 209, 2703425478, 2478
210, 210, 901141826, 1826
211, 211, 901141826, 1826
212, 212, 1351712739, 2739
213, 213, 1351712739, 2739
214, 214, 1802283652, 652
215, 215, 1802283652, 652
216, 216, 2252854565, 1565
217, 217, 2252854565, 1565
218, 218, 2703425478, 2478
219, 219, 2703425478, 2478
220, 220, 901141826, 1826
221, 221, 901141826, 1826
222, 222, 1351712739, 2739
223, 223, 1351712739, 2739
224, 224, 1802283652, 652
225, 225, 1802283652, 652
226, 226, 2252854565, 1565
227, 227, 2252854565, 1565
228, 228, 2703425478, 2478
229, 229, 2703425478, 2478
230, 230, 901141826, 1826
231, 231, 901141826, 1826
232, 232, 1351712739, 2739
233, 233, 1351712739, 2739
234, 234, 1802283652, 652
235, 235, 1802283652, 652
236, 236, 2252854565, 1565
237, 237, 2252854565, 1565
238, 238, 2703425478, 2478
239, 239, 2703425478, 2478
240, 240, 901141826, 1826
241, 241, 901141826, 1826
242, 242, 1351712739, 2739
243, 243, 1351712739, 2739
244, 244, 1802283652, 652
245, 245, 1802283652, 652
246, 246, 2252854565, 1565
247, 247, 2252854565, 1565
248, 248, 2703425478, 2478
249, 249, 2703425478, 2478
250, 250, 901141826, 1826
251, 251, 901141826, 1826
252, 252, 1351712739, 2739
253, 253, 1351712739, 2739
254, 254, 1802283652, 652
255, 255, 1802283652, 652
256, 256, 2252854565, 1565
257, 257, 2252854565, 1565
258, 258, 2703425478, 2478
259, 259, 2703425478, 2478
260, 260, 901141826, 1826
261, 261, 901141826, 1826
262, 262, 1351712739, 2739
263, 263, 1351712739, 2739
264, 264, 1802283652, 652
265, 265, 1802283652, 652
266, 266, 2252854565, 1565
267, 267, 2252854565, 1565
268, 268, 2703425478, 2478
269, 269, 2703425478, 2478
270, 270, 901141826, 1826
271, 271, 901141826, 1826
272, 272, 1351712739, 2739
273, 273, 1351712739, 2739
274, 274, 1802283652, 652
275, 275, 1802283652, 652
276, 276, 2252854565, 1565
277, 277, 2252854565, 1565
278, 278, 2703425478, 2478
279, 279, 2703425478, 2478
280, 280, 901141826, 1826
281, 281, 901141826, 1826
282, 282, 1351712739, 2739
283, 283, 1351712739, 2739
284, 284, 1802283652, 652
285, 285, 1802283652, 652
286, 286, 2252854565, 1565
287, 287, 2252854565, 1565
288, 288, 2703425478, 2478
289, 289, 2703425478, 2478
290, 290, 901141826, 1826
291, 291, 901141826, 1826
292, 292, 1351712739, 2739
293, 293, 1351712739, 2739
294, 294, 1802283652, 652
295, 295, 1802283652, 652
296, 296, 2252854565, 1565
297, 297, 2252854565, 1565
298, 298, 2703425478, 2478
299, 299, 2703425478, 2478
300, 300, 901141826, 1826
301, 301, 901141826, 1826
302, 302, 1351712739, 2739
303, 303, 1351712739, 2739
304, 304, 1802283652, 652
305, 305, 1802283652, 652
306, 306, 2252854565, 1565
307, 307, 2252854565, 1565
308, 308, 2703425478, 2478
309, 309, 2703425478, 2478
310, 310, 901141826, 1826
311, 311, 901141826, 1826
312, 312, 1351712739, 2739
313, 313, 1351712739, 2739
314, 314, 1802283652, 652
315, 315, 1802283652, 652
316, 316, 2252854565, 1565
317, 317, 2252854565, 1565
318, 318, 2703425478, 2478
319, 319, 2703425478, 2478
320, 320, 901141826, 1826
321, 321, 901141826, 1826
322, 322, 1351712739, 2739
323, 323, 1351712739, 2739
324, 324, 1802283652, 652
325, 325, 1802283652, 652
326, 326, 2252854565, 1565
327, 327, 2252854565, 1565
328, 328, 2703425478, 2478
329, 329, 2703425478, 2478
330, 330, 901141826, 1826
331, 331, 901141826, 1826
332, 332, 1351712739, 2739
333, 333, 1351712739, 2739
334, 334, 1802283652, 652
335, 335, 1802283652, 652
336, 336, 2252854565, 1565
337, 337, 2252854565, 1565
338, 338, 2703425478, 2478
339, 339, 2703425478, 2478
340, 340, 901141826, 1826
341, 341, 901141826, 1826
342, 342, 1351712739, 2739
343, 343, 1351712739, 2739
344, 344, 1802283652, 652
345, 345, 1802283652, 652
346, 346, 2252854565, 1565
347, 347, 2252854565, 1565
348, 348, 2703425478, 2478
349, 349, 2703425478, 2478
350, 350, 901141826, 1826
351, 351, 901141826, 1826
352, 352, 1351712739, 2739
353, 353, 1351712739, 2739
354, 354, 1802283652, 652
355, 355, 1802283652, 652
356, 356, 2252854565, 1565
357, 357, 2252854565, 1565
358, 358, 2703425478, 2478
359, 359, 2703425478, 2478
360, 360, 901141826, 1826
361, 361, 901141826, 1826
362, 362, 1351712739, 2739
363, 363, 1351712739, 2739
364, 364, 1802283652, 652
365, 365, 1802283652, 652
366, 366, 2252854565, 1565
367, 367, 2252854565, 1565
368, 368, 2703425478, 2478
369, 369, 2703425478, 2478
370, 370, 901141826, 1826
371, 371, 901141826, 1826
372, 372, 1351712739, 2739
373, 373, 1351712739, 2739
374, 374, 1802283652, 652
375, 375, 1802283652, 652
376, 376, 2252854565, 1565
377, 377, 2252854565, 1565
378, 378, 2703425478, 2478
379, 379, 2703425478, 2478
380, 380, 901141826, 1826
381, 381, 901141826, 1826
382, 382, 1351712739, 2739
383, 383, 1351712739, 2739
384, 384, 1802283652, 652
385, 385, 1802283652, 652
386, 386, 2252854565, 1565
387, 387, 2252854565, 1565
388, 388, 2703425478, 2478
389, 389, 2703425478, 2478
390, 390, 901141826, 1826
391, 391, 901141826, 1826
392, 392, 1351712739, 2739
393, 393, 1351712739, 2739
394, 394, 1802283652, 652
395, 395, 1802283652, 652
396, 396, 2252854565, 1565
397, 397, 2252854565, 1565
398, 398, 2703425478, 2478
399, 399, 2703425478, 2478
400, 400, 901141826, 1826
401, 401, 901141826, 1826
402, 402, 1351712739, 2739
403, 403, 1351712739, 2739
404, 404, 1802283652, 652
405, 405, 1802283652, 652
406, 406, 2252854565, 1565
407, 407, 2252854565, 1565
408, 408, 2703425478, 2478
409, 409, 2703425478, 2478
410, 410, 901141826, 1826
411, 411, 901141826, 1826
412, 412, 1351712739, 2739
413, 413, 1351712739, 2739
414, 414, 1802283652, 652
415, 415, 1802283652, 652
416, 416, 2252854565, 1565
417, 417, 2252854565, 1565
418, 418, 2703425478, 2478
419, 419, 2703425478, 2478
420, 420, 901141826, 1826
421, 421, 901141826, 1826
422, 422, 1351712739, 2739
423, 423, 1351712739, 2739
424, 424, 1802283652, 652
425, 425, 1802283652, 652
426, 426, 2252854565, 1565
427, 427, 2252854565, 1565
428, 428, 2703425478, 2478
429, 429, 2703425478, 2478
430, 430, 901141826, 1826
431, 431, 901141826, 1826
432, 432, 1351712739, 2739
433, 433, 1351712739, 2739
434, 434, 1802283652, 652
435, 435, 1802283652, 652
436, 436, 2252854565, 1565
437, 437, 2252854565, 1565
438, 438, 2703425478, 2478
439, 439, 2703425478, 2478
440, 440, 901141826, 1826
441, 441, 901141826, 1826
442, 442, 1351712739, 2739
443, 443, 1351712739, 2739
444, 444, 1802283652, 652
445, 445, 1802283652, 652
446, 446, 2252854565, 1565
447, 447, 2252854565, 1565
448, 448, 2703425478, 2478
449, 449, 2703425478, 2478
450, 450, 901141826, 1826
451, 451, 901141826, 1826
452, 452, 1351712739, 2739
453, 453, 1351712739, 2739
454, 454, 1802283652, 652
455, 455, 1802283652, 652
456, 456, 2252854565, 1565
457, 457, 2252854565, 1565
458, 458, 2703425478, 2478
459, 459, 2703425478, 2478
460, 460, 901141826, 1826
461, 461, 901141826, 1826
462, 462, 1351712739, 2739
463, 463, 1351712739, 2739
464, 464, 1802283652, 652
465, 465, 1802283652, 652
466, 466, 2252854565, 1565
467, 467, 2252854565, 1565
468, 468, 2703425478, 2478
469, 469, 2703425478, 2478
470, 470, 901141826, 1826
471, 471, 901141826, 1826
472, 472, 1351712739, 2739
473, 473, 1351712739, 2739
474, 474, 1802283652, 652
475, 475, 1802283652, 652
476, 476, 2252854565, 1565
477, 477, 2252854565, 1565
478, 478, 2703425478, 2478
479, 479, 2703425478, 2478
480, 480, 901141826, 1826
481, 481, 901141826, 1826
482, 482, 1351712739, 2739
483, 483, 1351712739, 2739
484, 484, 1802283652, 652
485, 485, 1802283652, 652
486, 486, 2252854565, 1565
487, 487, 2252854565, 1565
488, 488, 2703425478, 2478
489, 489, 2703425478, 2478
490, 490, 901141826, 1826
491, 491, 901141826, 1826
492, 492, 1351712739, 2739
493, 493, 1351712739, 2739
494, 494, 1802283652, 652
495, 495, 1802283652, 652
496, 496, 2252854565, 1565
497, 497, 2252854565, 1565
498, 498, 2703425478, 2478
499, 499, 2703425478, 2478
500, 500, 901141826, 1826
501, 501, 901141826, 1826
502, 502, 1351712739, 2739
503, 503, 1351712739, 2739
504, 504, 1802283652, 652
505, 505, 1802283652, 652
506, 506, 2252854565, 1565
507, 507, 2252854565, 1565
508, 508, 2703425478, 2478
509, 509, 2703425478, 2478
510, 510, 901141826, 1826
511, 511, 901141826, 1826
512, 512, 1351712739, 2739
513, 513, 1351712739, 2739
514, 514, 1802283652, 652
515, 515, 1802283652, 652
516, 516, 2252854565, 1565
517, 517, 2252854565, 1565
518, 518, 2703425478, 2478
519, 519, 2703425478, 2478
520, 520, 901141826, 1826
521, 521, 901141826, 1826
522, 522, 1351712739, 2739
523, 523, 1351712739, 2739
524, 524, 1802283652, 652
525, 525, 1802283652, 652
526, 526, 2252854565, 1565
527, 527, 2252854565, 1565
528, 528, 2703425478, 2478
529, 529, 2703425478, 2478
530, 530, 901141826, 1826
531, 531, 901141826, 1826
532, 532, 1351712739, 2739
533, 533, 1351712739, 2739
534, 534, 1802283652, 652
535, 535, 1802283652, 652
536, 536, 2252854565, 1565
537, 537, 2252854565, 1565
538, 538, 2703425478, 2478
539, 539, 2703425478, 2478
540, 540, 901141826, 1826
541, 541, 901141826, 1826
542, 542, 1351712739, 2739
543, 543, 1351712739, 2739
544, 544, 1802283652, 652
545, 545, 1802283652, 652
546, 546, 2252854565, 1565
547, 547, 2252854565, 1565
548, 548, 2703425478, 2478
549, 549, 2703425478, 2478
550, 550, 901141826, 1826
551, 551, 901141826, 1826
552, 552, 1351712739, 2739
553, 553, 1351712739, 2739
554, 554, 1802283652, 652
555, 555, 1802283652, 652
556, 556, 2252854565, 1565
557, 557, 2252854565, 1565
558, 558, 2703425478, 2478
559, 559, 2703425478, 2478
560, 560, 901141826, 1826
561, 561, 901141826, 1826
562, 562, 1351712739, 2739
563, 563, 1351712739, 2739
564, 564, 1802283652, 652
565, 565, 1802283652, 652
566, 566, 2252854565, 1565
567, 567, 2252854565, 1565
568, 568, 2703425478, 2478
569, 569, 2703425478, 2478
570, 570, 901141826, 1826
571, 571, 901141826, 1826
572, 572, 1351712739, 2739
573, 573, 1351712739, 2739
574, 574, 1802283652, 652
575, 575, 1802283652, 652
576, 576, 2252854565, 1565
577, 577, 2252854565, 1565
578, 578, 2703425478, 2478
579, 579, 2703425478, 2478
580, 580, 901141826, 1826
581, 581, 901141826, 1826
582, 582, 1351712739, 2739
583, 583, 1351712739, 2739
584, 584, 1802283652, 652
585, 585, 1802283652, 652
586, 586, 2252854565, 1565
587, 587, 2252854565, 1565
588, 588, 2703425478, 2478
589, 589, 2703425478, 2478
590, 590, 901141826, 1826
591, 591, 901141826, 1826
592, 592, 1351712739, 2739
593, 593, 1351712739, 2739
594, 594, 1802283652, 652
595, 595, 1802283652, 652
596, 596, 2252854565, 1565
597, 597, 2252854565, 1565
598, 598, 2703425478, 2478
599, 599, 2703425478, 2478
600, 600, 901141826, 1826
601, 601, 901141826, 1826
602, 602, 1351712739, 2739
603, 603, 1351712739, 2739
604, 604, 1802283652, 652
605, 605, 1802283652, 652
606, 606, 2252854565, 1565
607, 607, 2252854565, 1565
608, 608, 2703425478, 2478
609, 609, 2703425478, 2478
610, 610, 901141826, 1826
611, 611, 901141826, 1826
612, 612, 1351712739, 2739
613, 613, 1351712739, 2739
614, 614, 1802283652, 652
615, 615, 1802283652, 652
616, 616, 2252854565, 1565
617, 617, 2252854565, 1565
618, 618, 2703425478, 2478
619, 619, 2703425478, 2478
620, 620, 901141826, 1826
621, 621, 901141826, 1826
622, 622, 1351712739, 2739
623, 623, 1351712739, 2739
624, 624, 1802283652, 652
625, 625, 1802283652, 652
626, 626, 2252854565, 1565
627, 627, 2252854565, 1565
628, 628, 2703425478, 2478
629, 629, 2703425478, 2478
630, 630, 901141826, 1826
631, 631, 901141826, 1826
632, 632, 1351712739, 2739
633, 633, 1351712739, 2739
634, 634, 1802283652, 652
635, 635, 1802283652, 652
636, 636, 2252854565, 1565
637, 637, 2252854565, 1565
638, 638, 2703425478, 2478
639, 639, 2703425478, 2478
640, 640, 901141826, 1826
641, 641, 901141826, 1826
642, 642, 1351712739, 2739
643, 643, 1351712739, 2739
644, 644, 1802283652, 652
645, 645, 1802283652, 652
646, 646, 2252854565, 1565
647, 647, 2252854565, 1565
648, 648, 2703425478, 2478
649, 649, 2703425478, 2478
650, 650, 901141826, 1826
651, 651, 901141826, 1826
652, 652, 1351712739, 2739
653, 653, 1351712739, 2739
654, 654, 1802283652, 652
655, 655, 1802283652, 652
656, 656, 2252854565, 1565
657, 657, 2252854565, 1565
658, 658, 2703425478, 2478
659, 659, 2703425478, 2478
660, 660, 901141826, 1826
661, 661, 901141826, 1826
662, 662, 1351712739, 2739
663, 663, 1351712739, 2739
664, 664, 1802283652, 652
665, 665, 1802283652, 652
666, 666, 2252854565, 1565
667, 667, 2252854565, 1565
668, 668, 2703425478, 2478
669, 669, 2703425478, 2478
670, 670, 901141826, 1826
671, 671, 901141826, 1826
672, 672, 1351712739, 2739
673, 673, 1351712739, 2739
674, 674, 1802283652, 652
675, 675, 1802283652, 652
676, 676, 2252854565, 1565
677, 677, 2252854565, 1565
678, 678, 2703425478, 2478
679, 679, 2703425478, 2478
680, 680, 901141826, 1826
681, 681, 901141826, 1826
682, 682, 1351712739, 2739
683, 683, 1351712739, 2739
684, 684, 1802283652, 652
685, 685, 1802283652, 652
686, 686, 2252854565, 1565
687, 687, 2252854565, 1565
688, 688, 2703425478, 2478
689, 689, 2703425478, 2478
690, 690, 901141826, 1826
691, 691, 901141826, 1826
692, 692, 1351712739, 2739
693, 693, 1351712739, 2739
694, 694, 1802283652, 652
695, 695, 1802283652, 652
696, 696, 2252854565, 1565
697, 697, 2252854565, 1565
698, 698, 2703425478, 2478
699, 699, 2703425478, 2478
700, 700, 901141826, 1826
701, 701, 901141826, 1826
702, 702, 1351712739, 2739
703, 703, 1351712739, 2739
704, 704, 1802283652, 652
705, 705, 1802283652, 652
706, 706, 2252854565, 1565
707, 707, 2252854565, 1565
708, 708, 2703425478, 2478
709, 709, 2703425478, 2478
710, 710, 901141826, 1826
711, 711, 901141826, 1826
712, 712, 1351712739, 2739
713, 713, 1351712739, 2739
714, 714, 1802283652, 652
715, 715, 1802283652, 652
716, 716, 2252854565, 1565
717, 717, 2252854565, 1565
718, 718, 2703425478, 2478
719, 719, 2703425478, 2478
720, 720, 901141826, 1826
721, 721, 901141826, 1826
722, 722, 1351712739, 2739
723, 723, 1351712739, 2739
724, 724, 1802283652, 652
725, 725, 1802283652, 652
726, 726, 2252854565, 1565
727, 727, 2252854565, 1565
728, 728, 2703425478, 2478
729, 729, 2703425478, 2478
730, 730, 901141826, 1826
731, 731, 901141826, 1826
732, 732, 1351712739, 2739
733, 733, 1351712739, 2739
734, 734, 1802283652, 652
735, 735, 1802283652, 652
736, 736, 2252854565, 1565
737, 737, 2252854565, 1565
738, 738, 2703425478, 2478
739, 739, 2703425478, 2478
740, 740, 901141826, 1826
741, 741, 901141826, 1826
742, 742, 1351712739, 2739
743, 743, 1351712739, 2739
744, 744, 1802283652, 652
745, 745, 1802283652, 652
746, 746, 2252854565, 1565
747, 747, 2252854565, 1565
748, 748, 2703425478, 2478
749, 749, 2703425478, 2478
750, 750, 901141826, 1826
751, 751, 901141826, 1826
752, 752, 1351712739, 2739
753, 753, 1351712739, 2739
754, 754, 1802283652, 652
755, 755, 1802283652, 652
756, 756, 2252854565, 1565
757, 757, 2252854565, 1565
758, 758, 2703425478, 2478
759, 759, 2703425478, 2478
760, 760, 901141826, 1826
761, 761, 901141826, 1826
762, 762, 1351712739, 2739
763, 763, 1351712739, 2739
764, 764, 1802283652, 652
765, 765, 1802283652, 652
766, 766, 2252854565, 1565
767, 767, 2252854565, 1565
768, 768, 2703425478, 2478
769, 769, 2703425478, 2478
770, 770, 901141826, 1826
771, 771, 901141826, 1826
772, 772, 1351712739, 2739
773, 773, 1351712739, 2739
774, 774, 1802283652, 652
775, 775, 1802283652, 652
776, 776, 2252854565, 1565
777, 777, 2252854565, 1565
778, 778, 2703425478, 2478
779, 779, 2703425478, 2478
780, 780, 901141826, 1826
781, 781, 901141826, 1826
782, 782, 1351712739, 2739
783, 783, 1351712739, 2739
784, 784, 1802283652, 652
785, 785, 1802283652, 652
786, 786, 2252854565, 1565
787, 787, 2252854565, 1565
788, 788, 2703425478, 2478
789, 789, 2703425478, 2478
790, 790, 901141826, 1826
791, 791, 901141826, 1826
792, 792, 1351712739, 2739
793, 793, 1351712739, 2739
794, 794, 1802283652, 652
795, 795, 1802283652, 652
796, 796, 2252854565, 1565
797, 797, 2252854565, 1565
798, 798, 2703425478, 2478
799, 799, 2703425478, 2478
800, 800, 901141826, 1826
801, 801, 901141826, 1826
802, 802, 1351712739, 2739
803, 803, 1351712739, 2739
804, 804, 1802283652, 652
805, 805, 1802283652, 652
806, 806, 2252854565, 1565
807, 807, 2252854565, 1565
808, 808, 2703425478, 2478
809, 809, 2703425478, 2478
810, 810, 901141826, 1826
811, 811, 901141826, 1826
812, 812, 1351712739, 2739
813, 813, 1351712739, 2739
814, 814, 1802283652, 652
815, 815, 1802283652, 652
816, 816, 2252854565, 1565
817, 817, 2252854565, 1565
818, 818, 2703425478, 2478
819, 819, 2703425478, 2478
820, 820, 901141826, 1826
821, 821, 901141826, 1826
822, 822, 1351712739, 2739
823, 823, 1351712739, 2739
824, 824, 1802283652, 652
825, 825, 1802283652, 652
826, 826, 2252854565, 1565
827, 827, 2252854565, 1565
828, 828, 2703425478, 2478
829, 829, 2703425478, 2478
830, 830, 901141826, 1826
831, 831, 901141826, 1826
832, 832, 1351712739, 2739
833, 833, 1351712739, 2739
834, 834, 1802283652, 652
835, 835, 1802283652, 652
836, 836, 2252854565, 1565
837, 837, 2252854565, 1565
838, 838, 2703425478, 2478
839, 839, 2703425478, 2478
840, 840, 901141826, 1826
841, 841, 901141826, 1826
842, 842, 1351712739, 2739
843, 843, 1351712739, 2739
844, 844, 1802283652, 652
845, 845, 1802283652, 652
846, 846, 2252854565, 1565
847, 847, 2252854565, 1565
848, 848, 2703425478, 2478
849, 849, 2703425478, 2478
850, 850, 901141826, 1826
851, 851, 901141826, 1826
852, 852, 1351712739, 2739
853, 853, 1351712739, 2739
854, 854, 1802283652, 652
855, 855, 1802283652, 652
856, 856, 2252854565, 1565
857, 857, 2252854565, 1565
858, 858, 2703425478, 2478
859, 859, 2703425478, 2478
860, 860, 901141826, 1826
861, 861, 901141826, 1826
862, 862, 1351712739, 2739
863, 863, 1351712739, 2739
864, 864, 1802283652, 652
865, 865, 1802283652, 652
866, 866, 2252854565, 1565
867, 867, 2252854565, 1565
868, 868, 2703425478, 2478
869, 869, 2703425478, 2478
870, 870, 901141826, 1826
871, 871, 901141826, 1826
872, 872, 1351712739, 2739
873, 873, 1351712739, 2739
874, 874, 1802283652, 652
875, 875, 1802283652, 652
876, 876, 2252854565, 1565
877, 877, 2252854565, 1565
878, 878, 2703425478, 2478
879, 879, 2703425478, 2478
880, 880, 901141826, 1826
881, 881, 901141826, 1826
882, 882, 1351712739, 2739
883, 883, 1351712739, 2739
884, 884, 1802283652, 652
885, 885, 1802283652, 652
886, 886, 2252854565, 1565
887, 887, 2252854565, 1565
888, 888, 2703425478, 2478
889, 889, 2703425478, 2478
890, 890, 901141826, 1826
891, 891, 901141826, 1826
892, 892, 1351712739, 2739
893, 893, 1351712739, 2739
894, 894, 1802283652, 652
895, 895, 1802283652, 652
896, 896, 2252854565, 1565
897, 897, 2252854565, 1565
898, 898, 2703425478, 2478
899, 899, 2703425478, 2478
900, 900, 901141826, 1826
901, 901, 901141826, 1826
902, 902, 1351712739, 2739
903, 903, 1351712739, 2739
904, 904, 1802283652, 652
905, 905, 1802283652, 652
906, 906, 2252854565, 1565
907, 907, 2252854565, 1565
908, 908, 2703425478, 2478
909, 909, 2703425478, 2478
910, 910, 901141826, 1826
911, 911, 901141826, 1826
912, 912, 1351712739, 2739
913, 913, 1351712739, 2739
914, 914, 1802283652, 652
915, 915, 1802283652, 652
916, 916, 2252854565, 1565
917, 917, 2252854565, 1565
918, 918, 2703425478, 2478
919, 919, 2703425478, 2478
920, 920, 901141826, 1826
921, 921, 901141826, 1826
922, 922, 1351712739, 2739
923, 923, 1351712739, 2739
924, 924, 1802283652, 652
925, 925, 1802283652, 652
926, 926, 2252854565, 1565
927, 927, 2252854565, 1565
928, 928, 2703425478, 2478
929, 929, 2703425478, 2478
930, 930, 901141826, 1826
931, 931, 901141826, 1826
932, 932, 1351712739, 2739
933, 933, 1351712739, 2739
934, 934, 1802283652, 652
935, 935, 1802283652, 652
936, 936, 2252854565, 1565
937, 937, 2252854565, 1565
938, 938, 2703425478, 2478
939, 939, 2703425478, 2478
940, 940, 901141826, 1826
941, 941, 901141826, 1826
942, 942, 1351712739, 2739
943, 943, 1351712739, 2739
944, 944, 1802283652, 652
945, 945, 1802283652, 652
946, 946, 2252854565, 1565
947, 947, 2252854565, 1565
948, 948, 2703425478, 2478
949, 949, 2703425478, 2478
950, 950, 901141826, 1826
951, 951, 901141826, 1826
952, 952, 1351712739, 2739
953, 953, 1351712739, 2739
954, 954, 1802283652, 652
955, 955, 1802283652, 652
956, 956, 2252854565, 1565
957, 957, 2252854565, 1565
958, 958, 2703425478, 2478
959, 959, 2703425478, 2478
960, 960, 901141826, 1826
961, 961, 901141826, 1826
962, 962, 1351712739, 2739
963, 963, 1351712739, 2739
964, 964, 1802283652, 652
965, 965, 1802283652, 652
966, 966, 2252854565, 1565
967, 967, 2252854565, 1565
968, 968, 2703425478, 2478
969, 969, 2703425478, 2478
970, 970, 901141826, 1826
971, 971, 901141826, 1826
972, 972, 1351712739, 2739
973, 973, 1351712739, 2739
974, 974, 1802283652, 652
975, 975, 1802283652, 652
976, 976, 2252854565, 1565
977, 977, 2252854565, 1565
978, 978, 2703425478, 2478
979, 979, 2703425478, 2478
980, 980, 901141826, 1826
981, 981, 901141826, 1826
982, 982, 1351712739, 2739
983, 983, 1351712739, 2739
984, 984, 1802283652, 652
985, 985, 1802283652, 652
986, 986, 2252854565, 1565
987, 987, 2252854565, 1565
988, 988, 2703425478, 2478
989, 989, 2703425478, 2478
990, 990, 901141826, 1826
991, 991, 901141826, 1826
992, 992, 1351712739, 2739
993, 993, 1351712739, 2739
994, 994, 1802283652, 652
995, 995, 1802283652, 652
996, 996, 2252854565, 1565
997, 997, 2252854565, 1565
998, 998, 2703425478, 2478
999, 999, 2703425478, 2478
1000, 1000, 0, 0
1001, 1001, 3844396383, 1383
1002, 1002, 0, 0
1003, 1003, 4055138217, 2217
1004, 1004, 0, 0
1005, 1005, 0, 0
1006, 1006, 3844396383, 1383
1007, 1007, 0, 0
1008, 1008, 4055138217, 2217
1009, 1009, 0, 0
1010, 1010, 0, 0
1011, 1011, 3844396383, 1383
1012, 1012, 0, 0
1013, 1013, 4055138217, 2217
1014, 1014, 0, 0
1015, 1015, 0, 0
1016, 1016, 3844396383, 1383
1017, 1017, 0, 0
1018, 1018, 4055138217, 2217
1019, 1019, 0, 0
1020, 1020, 0, 0
1021, 1021, 3844396383, 1383
1022, 1022, 0, 0
1023, 1023, 4055138217, 2217
1024, 1024, 0, 0
1025, 1025, 0, 0
1026, 1026, 3844396383, 1383
1027, 1027, 0, 0
1028, 1028, 4055138217, 2217
1029, 1029, 0, 0
1030, 1030, 0, 0
1031, 1031, 3844396383, 1383
1032, 1032, 0, 0
1033, 1033, 4055138217, 2217
1034, 1034, 0, 0
1035, 1035, 0, 0
1036, 1036, 3844396383, 1383
1037, 1037, 0, 0
1038, 1038, 4055138217, 2217
1039, 1039, 0, 0
1040, 1040, 0, 0
1041, 1041, 3844396383, 1383
1042, 1042, 0, 0
1043, 1043, 4055138217, 2217
1044, 1044, 0, 0
1045, 1045, 0, 0
1046, 1046, 3844396383, 1383
1047, 1047, 0, 0
1048, 1048, 4055138217, 2217
1049, 1049, 0, 0
1050, 1050, 0, 0
1051, 1051, 3844396383, 1383
1052, 1052, 0, 0
1053, 1053, 4055138217, 2217
1054, 1054, 0, 0
1055, 1055, 0, 0
1056, 1056, 3844396383, 1383
1057, 1057, 0, 0
1058, 1058, 4055138217, 2217
1059, 1059, 0, 0
1060, 1060, 0, 0
1061, 1061, 3844396383, 1383
1062, 1062, 0, 0
1063, 1063, 4055138217, 2217
1064, 1064, 0, 0
1065, 1065, 0, 0
1066, 1066, 3844396383, 1383
1067, 1067, 0, 0
1068, 1068, 4055138217, 2217
1069, 1069, 0, 0
1070, 1070, 0, 0
1071, 1071, 3844396383, 1383
1072, 1072, 0, 0
1073, 1073, 4055138217, 2217
1074, 1074, 0, 0
1075, 1075, 0, 0
1076, 1076, 3844396383, 1383
1077, 1077, 0, 0
1078, 1078, 4055138217, 2217
1079, 1079, 0, 0
1080, 1080, 0, 0
1081, 1081, 3844396383, 1383
1082, 1082, 0, 0
1083, 1083, 4055138217, 2217
1084, 1084, 0, 0
1085, 1085, 0, 0
1086, 1086, 3844396383, 1383
1087, 1087, 0, 0
1088, 1088, 4055138217, 2217
1089, 1089, 0, 0
1090, 1090, 0, 0
1091, 1091, 3844396383, 1383
1092, 1092, 0, 0
1093, 1093, 4055138217, 2217
1094, 1094, 0, 0
1095, 1095, 0, 0
1096, 1096, 3844396383, 1383
1097, 1097, 0, 0
1098, 1098, 4055138217, 2217
1099, 1099, 0, 0
1100, 1100, 0, 0
1101, 1101, 3844396383, 1383
1102, 1102, 0, 0
1103, 1103, 4055138217, 2217
1104, 1104, 0, 0
1105, 1105, 0, 0
1106, 1106, 3844396383, 1383
1107, 1107, 0, 0
1108, 1108, 4055138217, 2217
1109, 1109, 0, 0
1110, 1110, 0, 0
1111, 1111, 3844396383, 1383
1112, 1112, 0, 0
1113, 1113, 4055138217, 2217
1114, 1114, 0, 0
1115, 1115, 0, 0
1116, 1116, 3844396383, 1383
1117, 1117, 0, 0
1118, 1118, 4055138217, 2217
1119, 1119, 0, 0
1120, 1120, 0, 0
1121, 1121, 3844396383, 1383
1122, 1122, 0, 0
1123, 1123, 4055138217, 2217
1124, 1124, 0, 0
1125, 1125, 0, 0
1126, 1126, 3844396383, 1383
1127, 1127, 0, 0
1128, 1128, 4055138217, 2217
1129, 1129, 0, 0
1130, 1130, 0, 0
1131, 1131, 3844396383, 1383
1132, 1132, 0, 0
1133, 1133, 4055138217, 2217
1134, 1134, 0, 0
1135, 1135, 0, 0
1136, 1136, 3844396383, 1383
1137, 1137, 0, 0
1138, 1138, 4055138217, 2217
1139, 1139, 0, 0
1140, 1140, 0, 0
1141, 1141, 3844396383, 1383
1142, 1142, 0, 0
1143, 1143, 4055138217, 2217
1144, 1144, 0, 0
1145, 1145, 0, 0
1146, 1146, 3844396383, 1383
1147, 1147, 0, 0
1148, 1148, 4055138217, 2217
1149, 1149, 0, 0
1150, 1150, 0, 0
1151, 1151, 3844396383, 1383
1152, 1152, 0, 0
1153, 1153, 4055138217, 2217
1154, 1154, 0, 0
1155, 1155, 0, 0
1156, 1156, 3844396383, 1383
1157, 1157, 0, 0
1158, 1158, 4055138217, 2217
1159, 1159, 0, 0
1160, 1160, 0, 0
1161, 1161, 3844396383, 1383
1162, 1162, 0, 0
1163, 1163, 4055138217, 2217
1164, 1164, 0, 0
1165, 1165, 0, 0
1166, 1166, 3844396383, 1383
1167, 1167, 0, 0
1168, 1168, 4055138217, 2217
1169, 1169, 0, 0
1170, 1170, 0, 0
1171, 1171, 3844396383, 1383
1172, 1172, 0, 0
1173, 1173, 4055138217, 2217
1174, 1174, 0, 0
1175, 1175, 0, 0
1176, 1176, 3844396383, 1383
1177, 1177, 0, 0
1178, 1178, 4055138217, 2217
1179, 1179, 0, 0
1180, 1180, 0, 0
1181, 1181, 3844396383, 1383
1182, 1182, 0, 0
1183, 1183, 4055138217, 2217
1184, 1184, 0, 0
1185, 1185, 0, 0
1186, 1186, 3844396383, 1383
1187, 1187, 0, 0
1188, 1188, 4055138217, 2217
1189, 1189, 0, 0
1190, 1190, 0, 0
1191, 1191, 3844396383, 1383
1192, 1192, 0, 0
1193, 1193, 4055138217, 2217
1194, 1194, 0, 0
1195, 1195, 0, 0
1196, 1196, 3844396383, 1383
1197, 1197, 0, 0
1198, 1198, 4055138217, 2217
1199, 1199, 0, 0
1200, 1200, 0, 0
1201, 1201, 3844396383, 1383
1202, 1202, 0, 0
1203, 1203, 4055138217, 2217
1204, 1204, 0, 0
1205, 1205, 0, 0
1206, 1206, 3844396383, 1383
1207, 1207, 0, 0
1208, 1208, 4055138217, 2217
1209, 1209, 0, 0
1210, 1210, 0, 0
1211, 1211, 3844396383, 1383
1212, 1212, 0, 0
1213, 1213, 4055138217, 2217
1214, 1214, 0, 0
1215, 1215, 0, 0
1216, 1216, 3844396383, 1383
1217, 1217, 0, 0
1218, 1218, 4055138217, 2217
1219, 1219, 0, 0
1220, 1220, 0, 0
1221, 1221, 3844396383, 1383
1222, 1222, 0, 0
1223, 1223, 4055138217, 2217
1224, 1224, 0, 0
1225, 1225, 0, 0
1226, 1226, 3844396383, 1383
1227, 1227, 0, 0
1228, 1228, 4055138217, 2217
1229, 1229, 0, 0
1230, 1230, 0, 0
1231, 1231, 3844396383, 1383
1232, 1232, 0, 0
1233, 1233, 4055138217, 2217
1234, 1234, 0, 0
1235, 1235, 0, 0
1236, 1236, 3844396383, 1383
1237, 1237, 0, 0
1238, 1238, 4055138217, 2217
1239, 1239, 0, 0
1240, 1240, 0, 0
1241, 1241, 3844396383, 1383
1242, 1242, 0, 0
1243, 1243, 4055138217, 2217
1244, 1244, 0, 0
1245, 1245, 0, 0
1246, 1246, 3844396383, 1383
1247, 1247, 0, 0
1248, 1248, 4055138217, 2217
1249, 1249, 0, 0
1250, 1250, 0, 0
1251, 1251, 3844396383, 1383
1252, 1252, 0, 0
1253, 1253, 4055138217, 2217
1254, 1254, 0, 0
1255, 1255, 0, 0
1256, 1256, 3844396383, 1383
1257, 1257, 0, 0
1258, 1258, 4055138217, 2217
1259, 1259, 0, 0
1260, 1260, 0, 0
1261, 1261, 3844396383, 1383
1262, 1262, 0, 0
1263, 1263, 4055138217, 2217
1264, 1264, 0, 0
1265, 1265, 0, 0
1266, 1266, 3844396383, 1383
1267, 1267, 0, 0
1268, 1268, 4055138217, 2217
1269, 1269, 0, 0
1270, 1270, 0, 0
1271, 1271, 3844396383, 1383
1272, 1272, 0, 0
1273, 1273, 4055138217, 2217
1274, 1274, 0, 0
1275, 1275, 0, 0
1276, 1276, 3844396383, 1383
1277, 1277, 0, 0
1278, 1278, 4055138217, 2217
1279, 1279, 0, 0
1280, 1280, 0, 0
1281, 1281, 3844396383, 1383
1282, 1282, 0, 0
1283, 1283, 4055138217, 2217
1284, 1284, 0, 0
1285, 1285, 0, 0
1286, 1286, 3844396383, 1383
1287, 1287, 0, 0
1288, 1288, 4055138217, 2217
1289, 1289, 0, 0
1290, 1290, 0, 0
1291, 1291, 3844396383, 1383
1292, 1292, 0, 0
1293, 1293, 4055138217, 2217
1294, 1294, 0, 0
1295, 1295, 0, 0
1296, 1296, 3844396383, 1383
1297, 1297, 0, 0
1298, 1298, 4055138217, 2217
1299, 1299, 0, 0
1300, 1300, 450570913, 913
1301, 1301, 3844396383, 1383
1302, 1302, 450570913, 913
1303, 1303, 4055138217, 2217
1304, 1304, 450570913, 913
1305, 1305, 450570913, 913
1306, 1306, 3844396383, 1383
1307, 1307, 450570913, 913
1308, 1308, 4055138217, 2217
1309, 1309, 450570913, 913
1310, 1310, 450570913, 913
1311, 1311, 3844396383, 1383
1312, 1312, 450570913, 913
1313, 1313, 4055138217, 2217
1314, 1314, 450570913, 913
1315, 1315, 450570913, 913
1316, 1316, 3844396383, 1383
1317, 1317, 450570913, 913
1318, 1318, 4055138217, 2217
1319, 1319, 450570913, 913
1320, 1320, 450570913, 913
1321, 1321, 3844396383, 1383
1322, 1322, 450570913, 913
1323, 1323, 4055138217, 2217
1324, 1324, 450570913, 913
1325, 1325, 450570913, 913
1326, 1326, 3844396383, 1383
1327, 1327, 450570913, 913
1328, 1328, 4055138217, 2217
1329, 1329, 450570913, 913
1330, 1330, 450570913, 913
1331, 1331, 3844396383, 1383
1332, 1332, 450570913, 913
1333, 1333, 4055138217, 2217
1334, 1334, 450570913, 913
1335, 1335, 450570913, 913
1336, 1336, 3844396383, 1383
1337, 1337, 450570913, 913
1338, 1338, 4055138217, 2217
1339, 1339, 450570913, 913
1340, 1340, 450570913, 913
1341, 1341, 3844396383, 1383
1342, 1342, 450570913, 913
1343, 1343, 4055138217, 2217
1344, 1344, 450570913, 913
1345, 1345, 450570913, 913
1346, 1346, 3844396383, 1383
1347, 1347, 450570913, 913
1348, 1348, 4055138217, 2217
1349, 1349, 450570913, 913
1350, 1350, 450570913, 913
1351, 1351, 3844396383, 1383
1352, 1352, 450570913, 913
1353, 1353, 4055138217, 2217
1354, 1354, 450570913, 913
1355, 1355, 450570913, 913
1356, 1356, 3844396383, 1383
1357, 1357, 450570913, 913
1358, 1358, 4055138217, 2217
1359, 1359, 450570913, 913
1360, 1360, 450570913, 913
1361, 1361, 3844396383, 1383
1362, 1362, 450570913, 913
1363, 1363, 4055138217, 2217
1364, 1364, 450570913, 913
1365, 1365, 450570913, 913
1366, 1366, 3844396383, 1383
1367, 1367, 450570913, 913
1368, 1368, 4055138217, 2217
1369, 1369, 450570913, 913
1370, 1370, 450570913, 913
1371, 1371, 3844396383, 1383
1372, 1372, 450570913, 913
1373, 1373, 4055138217, 2217
1374, 1374, 450570913, 913
1375, 1375, 450570913, 913
1376, 1376, 3844396383, 1383
1377, 1377, 450570913, 913
1378, 1378, 4055138217, 2217
1379, 1379, 450570913, 913
1380, 1380, 450570913, 913
1381, 1381, 3844396383, 1383
1382, 1382, 450570913, 913
1383, 1383, 4055138217, 2217
1384, 1384, 450570913, 913
1385, 1385, 450570913, 913
1386, 1386, 3844396383, 1383
1387, 1387, 450570913, 913
1388, 1388, 4055138217, 2217
1389, 1389, 450570913, 913
1390, 1390, 450570913, 913
1391, 1391, 3844396383, 1383
1392, 1392, 450570913, 913
1393, 1393, 4055138217, 2217
1394, 1394, 450570913, 913
1395, 1395, 450570913, 913
1396, 1396, 3844396383, 1383
1397, 1397, 450570913, 913
1398, 1398, 4055138217, 2217
1399, 1399, 450570913, 913
1400, 1400, 450570913, 913
1401, 1401, 3844396383, 1383
1402, 1402, 450570913, 913
1403, 1403, 4055138217, 2217
1404, 1404, 450570913, 913
1405, 1405, 450570913, 913
1406, 1406, 3844396383, 1383
1407, 1407, 450570913, 913
1408, 1408, 4055138217, 2217
1409, 1409, 450570913, 913
1410, 1410, 450570913, 913
1411, 1411, 3844396383, 1383
1412, 1412, 450570913, 913
1413, 1413, 4055138217, 2217
1414, 1414, 450570913, 913
1415, 1415, 450570913, 913
1416, 1416, 3844396383, 1383
1417, 1417, 450570913, 913
1418, 1418, 4055138217, 2217
1419, 1419, 450570913, 913
1420, 1420, 450570913, 913
1421, 1421, 3844396383, 1383
1422, 1422, 450570913, 913
1423, 1423, 4055138217, 2217
1424, 1424, 450570913, 913
1425, 1425, 450570913, 913
1426, 1426, 3844396383, 1383
1427, 1427, 450570913, 913
1428, 1428, 4055138217, 2217
1429, 1429, 450570913, 913
1430, 1430, 450570913, 913
1431, 1431, 3844396383, 1383
1432, 1432, 450570913, 913
1433, 1433, 4055138217, 2217
1434, 1434, 450570913, 913
1435, 1435, 450570913, 913
1436, 1436, 3844396383, 1383
1437, 1437, 450570913, 913
1438, 1438, 4055138217, 2217
1439, 1439, 450570913, 913
1440, 1440, 450570913, 913
1441, 1441, 3844396383, 1383
1442, 1442, 450570913, 913
1443, 1443, 4055138217, 2217
1444, 1444, 450570913, 913
1445, 1445, 450570913, 913
1446, 1446, 3844396383, 1383
1447, 1447, 450570913, 913
1448, 1448, 4055138217, 2217
1449, 1449, 450570913, 913
1450, 1450, 450570913, 913
1451, 1451, 3844396383, 1383
1452, 1452, 450570913, 913
1453, 1453, 4055138217, 2217
1454, 1454, 450570913, 913
1455, 1455, 450570913, 913
1456, 1456, 3844396383, 1383
1457, 1457, 450570913, 913
1458, 1458, 4055138217, 2217
1459, 1459, 450570913, 913
1460, 1460, 450570913, 913
1461, 1461, 3844396383, 1383
1462, 1462, 450570913, 913
1463, 1463, 4055138217, 2217
1464, 1464, 450570913, 913
1465, 1465, 450570913, 913
1466, 1466, 3844396383, 1383
1467, 1467, 450570913, 913
1468, 1468, 4055138217, 2217
1469, 1469, 450570913, 913
1470, 1470, 450570913, 913
1471, 1471, 3844396383, 1383
1472, 1472, 450570913, 913
1473, 1473, 4055138217, 2217
1474, 1474, 450570913, 913
1475, 1475, 450570913, 913
1476, 1476, 3844396383, 1383
1477, 1477, 450570913, 913
1478, 1478, 4055138217, 2217
1479, 1479, 450570913, 913
1480, 1480, 450570913, 913
1481, 1481, 3844396383, 1383
1482, 1482, 450570913, 913
1483, 1483, 4055138217, 2217
1484, 1484, 450570913, 913
1485, 1485, 450570913, 913
1486, 1486, 3844396383, 1383
1487, 1487, 450570913, 913
1488, 1488, 4055138217, 2217
1489, 1489, 450570913, 913
1490, 1490, 450570913, 913
1491, 1491, 3844396383, 1383
1492, 1492, 450570913, 913
1493, 1493, 4055138217, 2217
1494, 1494, 450570913, 913
1495, 1495, 450570913, 913
1496, 1496, 3844396383, 1383
1497, 1497, 450570913, 913
1498, 1498, 4055138217, 2217
1499, 1499, 450570913, 913
1500, 1500, 901141826, 1826
1501, 1501, 3844396383, 1383
1502, 1502, 901141826, 1826
1503, 1503, 4055138217, 2217
1504, 1504, 901141826, 1826
1505, 1505, 901141826, 1826
1506, 1506, 3844396383, 1383
1507, 1507, 901141826, 1826
1508, 1508, 4055138217, 2217
1509, 1509, 901141826, 1826
1510, 1510, 901141826, 1826
1511, 1511, 3844396383, 1383
1512, 1512, 901141826, 1826
1513, 1513, 4055138217, 2217
1514, 1514, 901141826, 1826
1515, 1515, 901141826, 1826
1516, 1516, 3844396383, 1383
1517, 1517, 901141826, 1826
1518, 1518, 4055138217, 2217
1519, 1519, 901141826, 1826
1520, 1520, 901141826, 1826
1521, 1521, 3844396383, 1383
1522, 1522, 901141826, 1826
1523, 1523, 4055138217, 2217
1524, 1524, 901141826, 1826
1525, 1525, 901141826, 1826
1526, 1526, 3844396383, 1383
1527, 1527, 901141826, 1826
1528, 1528, 4055138217, 2217
1529, 1529, 901141826, 1826
1530, 1530, 901141826, 1826
1531, 1531, 3844396383, 1383
1532, 1532, 901141826, 1826
1533, 1533, 4055138217, 2217
1534, 1534, 901141826, 1826
1535, 1535, 901141826, 1826
1536, 1536, 3844396383, 1383
1537, 1537, 901141826, 1826
1538, 1538, 4055138217, 2217
1539, 1539, 901141826, 1826
1540, 1540, 901141826, 1826
1541, 1541, 3844396383, 1383
1542, 1542, 901141826, 1826
1543, 1543, 4055138217, 2217
1544, 1544, 901141826, 1826
1545, 1545, 901141826, 1826
1546, 1546, 3844396383, 1383
1547, 1547, 901141826, 1826
1548, 1548, 4055138217, 2217
1549, 1549, 901141826, 1826
1550, 1550, 901141826, 1826
1551, 1551, 3844396383, 1383
1552, 1552, 901141826, 1826
1553, 1553, 4055138217, 2217
1554, 1554, 901141826, 1826
1555, 1555, 901141826, 1826
1556, 1556, 3844396383, 1383
1557, 1557, 901141826, 1826
1558, 1558, 4055138217, 2217
1559, 1559, 901141826, 1826
1560, 1560, 901141826, 1826
1561, 1561, 3844396383, 1383
1562, 1562, 901141826, 1826
1563, 1563, 4055138217, 2217
1564, 1564, 901141826, 1826
1565, 1565, 901141826, 1826
1566, 1566, 3844396383, 1383
1567, 1567, 901141826, 1826
1568, 1568, 4055138217, 2217
1569, 1569, 901141826, 1826
1570, 1570, 901141826, 1826
1571, 1571, 3844396383, 1383
1572, 1572, 901141826, 1826
1573, 1573, 4055138217, 2217
1574, 1574, 901141826, 1826
1575, 1575, 901141826, 1826
1576, 1576, 3844396383, 1383
1577, 1577, 901141826, 1826
1578, 1578, 4055138217, 2217
1579, 1579, 901141826, 1826
1580, 1580, 901141826, 1826
1581, 1581, 3844396383, 1383
1582, 1582, 901141826, 1826
1583, 1583, 4055138217, 2217
1584, 1584, 901141826, 1826
1585, 1585, 901141826, 1826
1586, 1586, 3844396383, 1383
1587, 1587, 901141826, 1826
1588, 1588, 4055138217, 2217
1589, 1589, 901141826, 1826
1590, 1590, 901141826, 1826
1591, 1591, 3844396383, 1383
1592, 1592, 901141826, 1826
1593, 1593, 4055138217, 2217
1594, 1594, 901141826, 1826
1595, 1595, 901141826, 1826
1596, 1596, 3844396383, 1383
1597, 1597, 901141826, 1826
1598, 1598, 4055138217, 2217
1599, 1599, 901141826, 1826
1600, 1600, 901141826, 1826
1601, 1601, 3844396383, 1383
1602, 1602, 901141826, 1826
1603, 1603, 4055138217, 2217
1604, 1604, 901141826, 1826
1605, 1605, 901141826, 1826
1606, 1606, 3844396383, 1383
1607, 1607, 901141826, 1826
1608, 1608, 4055138217, 2217
1609, 1609, 901141826, 1826
1610, 1610, 901141826, 1826
1611, 1611, 3844396383, 1383
1612, 1612, 901141826, 1826
1613, 1613, 4055138217, 2217
1614, 1614, 901141826, 1826
1615, 1615, 901141826, 1826
1616, 1616, 3844396383, 1383
1617, 1617, 901141826, 1826
1618, 1618, 4055138217, 2217
1619, 1619, 901141826, 1826
1620, 1620, 901141826, 1826
1621, 1621, 3844396383, 1383
1622, 1622, 901141826, 1826
1623, 1623, 4055138217, 2217
1624, 1624, 901141826, 1826
1625, 1625, 901141826, 1826
1626, 1626, 3844396383, 1383
1627, 1627, 901141826, 1826
1628, 1628, 4055138217, 2217
1629, 1629, 901141826, 1826
1630, 1630, 901141826, 1826
1631, 1631, 3844396383, 1383
1632, 1632, 901141826, 1826
1633, 1633, 4055138217, 2217
1634, 1634, 901141826, 1826
1635, 1635, 901141826, 1826
1636, 1636, 3844396383, 1383
1637, 1637, 901141826, 1826
1638, 1638, 4055138217, 2217
1639, 1639, 901141826, 1826
1640, 1640, 901141826, 1826
1641, 1641, 3844396383, 1383
1642, 1642, 901141826, 1826
1643, 1643, 4055138217, 2217
1644, 1644, 901141826, 1826
1645, 1645, 901141826, 1826
1646, 1646, 3844396383, 1383
1647, 1647, 901141826, 1826
1648, 1648, 4055138217, 2217
1649, 1649, 901141826, 1826
1650, 1650, 901141826, 1826
1651, 1651, 3844396383, 1383
1652, 1652, 901141826, 1826
1653, 1653, 4055138217, 2217
1654, 1654, 901141826, 1826
1655, 1655, 901141826, 1826
1656, 1656, 3844396383, 1383
1657, 1657, 901141826, 1826
1658, 1658, 4055138217, 2217
1659, 1659, 901141826, 1826
1660, 1660, 901141826, 1826
1661, 1661, 3844396383, 1383
1662, 1662, 901141826, 1826
1663, 1663, 4055138217, 2217
1664, 1664, 901141826, 1826
1665, 1665, 901141826, 1826
1666, 1666, 3844396383, 1383
1667, 1667, 901141826, 1826
1668, 1668, 4055138217, 2217
1669, 1669, 901141826, 1826
1670, 1670, 901141826, 1826
1671, 1671, 3844396383, 1383
1672, 1672, 901141826, 1826
1673, 1673, 4055138217, 2217
1674, 1674, 901141826, 1826
1675, 1675, 901141826, 1826
1676, 1676, 3844396383, 1383
1677, 1677, 901141826, 1826
1678, 1678, 4055138217, 2217
1679, 1679, 901141826, 1826
1680, 1680, 901141826, 1826
1681, 1681, 3844396383, 1383
1682, 1682, 901141826, 1826
1683, 1683, 4055138217, 2217
1684, 1684, 901141826, 1826
1685, 1685, 901141826, 1826
1686, 1686, 3844396383, 1383
1687, 1687, 901141826, 1826
1688, 1688, 4055138217, 2217
1689, 1689, 901141826, 1826
1690, 1690, 901141826, 1826
1691, 1691, 3844396383, 1383
1692, 1692, 901141826, 1826
1693, 1693, 4055138217, 2217
1694, 1694, 901141826, 1826
1695, 1695, 901141826, 1826
1696, 1696, 3844396383, 1383
1697, 1697, 901141826, 1826
1698, 1698, 4055138217, 2217
1699, 1699, 901141826, 1826
1700, 1700, 1351712739, 2739
1701, 1701, 3844396383, 1383
1702, 1702, 1351712739, 2739
1703, 1703, 4055138217, 2217
1704, 1704, 1351712739, 2739
1705, 1705, 1351712739, 2739
1706, 1706, 3844396383, 1383
1707, 1707, 1351712739, 2739
1708, 1708, 4055138217, 2217
1709, 1709, 1351712739, 2739
1710, 1710, 1351712739, 2739
1711, 1711, 3844396383, 1383
1712, 1712, 1351712739, 2739
1713, 1713, 4055138217, 2217
1714, 1714, 1351712739, 2739
1715, 1715, 1351712739, 2739
1716, 1716, 3844396383, 1383
1717, 1717, 1351712739, 2739
1718, 1718, 4055138217, 2217
1719, 1719, 1351712739, 2739
1720, 1720, 1351712739, 2739
1721, 1721, 3844396383, 1383
1722, 1722, 1351712739, 2739
1723, 1723, 4055138217, 2217
1724, 1724, 1351712739, 2739
1725, 1725, 1351712739, 2739
1726, 1726, 3844396383, 1383
1727, 1727, 1351712739, 2739
1728, 1728, 4055138217, 2217
1729, 1729, 1351712739, 2739
1730, 1730, 1351712739, 2739
1731, 1731, 3844396383, 1383
1732, 1732, 1351712739, 2739
1733, 1733, 4055138217, 2217
1734, 1734, 1351712739, 2739
1735, 1735, 1351712739, 2739
1736, 1736, 3844396383, 1383
1737, 1737, 1351712739, 2739
1738, 1738, 4055138217, 2217
1739, 1739, 1351712739, 2739
1740, 1740, 1351712739, 2739
1741, 1741, 3844396383, 1383
1742, 1742, 1351712739, 2739
1743, 1743, 4055138217, 2217
1744, 1744, 1351712739, 2739
1745, 1745, 1351712739, 2739
1746, 1746, 3844396383, 1383
1747, 1747, 1351712739, 2739
1748, 1748, 4055138217, 2217
1749, 1749, 1351712739, 2739
1750, 1750, 1351712739, 2739
1751, 1751, 3844396383, 1383
1752, 1752, 1351712739, 2739
1753, 1753, 4055138217, 2217
1754, 1754, 1351712739, 2739
1755, 1755, 1351712739, 2739
1756, 1756, 3844396383, 1383
1757, 1757, 1351712739, 2739
1758, 1758, 4055138217, 2217
1759, 1759, 1351712739, 2739
1760, 1760, 1351712739, 2739
1761, 1761, 3844396383, 1383
1762, 1762, 1351712739, 2739
1763, 1763, 4055138217, 2217
1764, 1764, 1351712739, 2739
1765, 1765, 1351712739, 2739
1766, 1766, 3844396383, 1383
1767, 1767, 1351712739, 2739
1768, 1768, 4055138217, 2217
1769, 1769, 1351712739, 2739
1770, 1770, 1351712739, 2739
1771, 1771, 3844396383, 1383
1772, 1772, 1351712739, 2739
1773, 1773, 4055138217, 2217
1774, 1774, 1351712739, 2739
1775, 1775, 1351712739, 2739
1776, 1776, 3844396383, 1383
1777, 1777, 1351712739, 2739
1778, 1778, 4055138217, 2217
1779, 1779, 1351712739, 2739
1780, 1780, 1351712739, 2739
1781, 1781, 3844396383, 1383
1782, 1782, 1351712739, 2739
1783, 1783, 4055138217, 2217
1784, 1784, 1351712739, 2739
1785, 1785, 1351712739, 2739
1786, 1786, 3844396383, 1383
1787, 1787, 1351712739, 2739
1788, 1788, 4055138217, 2217
1789, 1789, 1351712739, 2739
1790, 1790, 1351712739, 2739
1791, 1791, 3844396383, 1383
1792, 1792, 1351712739, 2739
1793, 1793, 4055138217, 2217
1794, 1794, 1351712739, 2739
1795, 1795, 1351712739, 2739
1796, 1796, 3844396383, 1383
1797, 1797, 1351712739, 2739
1798, 1798, 4055138217, 2217
1799, 1799, 1351712739, 2739
1800, 1800, 1351712739, 2739
1801, 1801, 3844396383, 1383
1802, 1802, 1351712739, 2739
1803, 1803, 4055138217, 2217
1804, 1804, 1351712739, 2739
1805, 1805, 1351712739, 2739
1806, 1806, 3844396383, 1383
1807, 1807, 1351712739, 2739
1808, 1808, 4055138217, 2217
1809, 1809, 1351712739, 2739
1810, 1810, 1351712739, 2739
1811, 1811, 3844396383, 1383
1812, 1812, 1351712739, 2739
1813, 1813, 4055138217, 2217
1814, 1814, 1351712739, 2739
1815, 1815, 1351712739, 2739
1816, 1816, 3844396383, 1383
1817, 1817, 1351712739, 2739
1818, 1818, 4055138217, 2217
1819, 1819, 1351712739, 2739
1820, 1820, 1351712739, 2739
1821, 1821, 3844396383, 1383
1822, 1822, 1351712739, 2739
1823, 1823, 4055138217, 2217
1824, 1824, 1351712739, 2739
1825, 1825, 1351712739, 2739
1826, 1826, 3844396383, 1383
1827, 1827, 1351712739, 2739
1828, 1828, 4055138217, 2217
1829, 1829, 1351712739, 2739
1830, 1830, 1351712739, 2739
1831, 1831, 3844396383, 1383
1832, 1832, 1351712739, 2739
1833, 1833, 4055138217, 2217
1834, 1834, 1351712739, 2739
1835, 1835, 1351712739, 2739
1836, 1836, 3844396383, 1383
1837, 1837, 1351712739, 2739
1838, 1838, 4055138217, 2217
1839, 1839, 1351712739, 2739
1840, 1840, 1351712739, 2739
1841, 1841, 3844396383, 1383
1842, 1842, 1351712739, 2739
1843, 1843, 4055138217, 2217
1844, 1844, 1351712739, 2739
1845, 1845, 1351712739, 2739
1846, 1846, 3844396383, 1383
1847, 1847, 1351712739, 2739
1848, 1848, 4055138217, 2217
1849, 1849, 1351712739, 2739
1850, 1850, 1351712739, 2739
1851, 1851, 3844396383, 1383
1852, 1852, 1351712739, 2739
1853, 1853, 4055138217, 2217
1854, 1854, 1351712739, 2739
1855, 1855, 1351712739, 2739
1856, 1856, 3844396383, 1383
1857, 1857, 1351712739, 2739
1858, 1858, 4055138217, 2217
1859, 1859, 1351712739, 2739
1860, 1860, 1351712739, 2739
1861, 1861, 3844396383, 1383
1862, 1862, 1351712739, 2739
1863, 1863, 4055138217, 2217
1864, 1864, 1351712739, 2739
1865, 1865, 1351712739, 2739
1866, 1866, 3844396383, 1383
1867, 1867, 1351712739, 2739
1868, 1868, 4055138217, 2217
1869, 1869, 1351712739, 2739
1870, 1870, 1351712739, 2739
1871, 1871, 3844396383, 1383
1872, 1872, 1351712739, 2739
1873, 1873, 4055138217, 2217
1874, 1874, 1351712739, 2739
1875, 1875, 1351712739, 2739
1876, 1876, 3844396383, 1383
1877, 1877, 1351712739, 2739
1878, 1878, 4055138217, 2217
1879, 1879, 1351712739, 2739
1880, 1880, 1351712739, 2739
1881, 1881, 3844396383, 1383
1882, 1882, 1351712739, 2739
1883, 1883, 4055138217, 2217
1884, 1884, 1351712739, 2739
1885, 1885, 1351712739, 2739
1886, 1886, 3844396383, 1383
1887, 1887, 1351712739, 2739
1888, 1888, 4055138217, 2217
1889, 1889, 1351712739, 2739
1890, 1890, 1351712739, 2739
1891, 1891, 3844396383, 1383
1892, 1892, 1351712739, 2739
1893, 1893, 4055138217, 2217
1894, 1894, 1351712739, 2739
1895, 1895, 1351712739, 2739
1896, 1896, 3844396383, 1383
1897, 1897, 1351712739, 2739
1898, 1898, 4055138217, 2217
1899, 1899, 1351712739, 2739
1900, 1900, 1802283652, 652
1901, 1901, 3844396383, 1383
1902, 1902, 1802283652, 652
1903, 1903, 4055138217, 2217
1904, 1904, 1802283652, 652
1905, 1905, 1802283652, 652
1906, 1906, 3844396383, 1383
1907, 1907, 1802283652, 652
1908, 1908, 4055138217, 2217
1909, 1909, 1802283652, 652
1910, 1910, 1802283652, 652
1911, 1911, 3844396383, 1383
1912, 1912, 1802283652, 652
1913, 1913, 4055138217, 2217
1914, 1914, 1802283652, 652
1915, 1915, 1802283652, 652
1916, 1916, 3844396383, 1383
1917, 1917, 1802283652, 652
1918, 1918, 4055138217, 2217
1919, 1919, 1802283652, 652
1920, 1920, 1802283652, 652
1921, 1921, 3844396383, 1383
1922, 1922, 1802283652, 652
1923, 1923, 4055138217, 2217
1924, 1924, 1802283652, 652
1925, 1925, 1802283652, 652
1926, 1926, 3844396383, 1383
1927, 1927, 1802283652, 652
1928, 1928, 4055138217, 2217
1929, 1929, 1802283652, 652
1930, 1930, 1802283652, 652
1931, 1931, 3844396383, 1383
1932, 1932, 1802283652, 652
1933, 1933, 4055138217, 2217
1934, 1934, 1802283652, 652
1935, 1935, 1802283652, 652
1936, 1936, 3844396383, 1383
1937, 1937, 1802283652, 652
1938, 1938, 4055138217, 2217
1939, 1939, 1802283652, 652
1940, 1940, 1802283652, 652
1941, 1941, 3844396383, 1383
1942, 1942, 1802283652, 652
1943, 1943, 4055138217, 2217
1944, 1944, 1802283652, 652
1945, 1945, 1802283652, 652
1946, 1946, 3844396383, 1383
1947, 1947, 1802283652, 652
1948, 1948, 4055138217, 2217
1949, 1949, 1802283652, 652
1950, 1950, 1802283652, 652
1951, 1951, 3844396383, 1383
1952, 1952, 1802283652, 652
1953, 1953, 4055138217, 2217
1954, 1954, 1802283652, 652
1955, 1955, 1802283652, 652
1956, 1956, 3844396383, 1383
1957, 1957, 1802283652, 652
1958, 1958, 4055138217, 2217
1959, 1959, 1802283652, 652
1960, 1960, 1802283652, 652
1961, 1961, 3844396383, 1383
1962, 1962, 1802283652, 652
1963, 1963, 4055138217, 2217
1964, 1964, 1802283652, 652
1965, 1965, 1802283652, 652
1966, 1966, 3844396383, 1383
1967, 1967, 1802283652, 652
1968, 1968, 4055138217, 2217
1969, 1969, 1802283652, 652
1970, 1970, 1802283652, 652
1971, 1971, 3844396383, 1383
1972, 1972, 1802283652, 652
1973, 1973, 4055138217, 2217
1974, 1974, 1802283652, 652
1975, 1975, 1802283652, 652
1976, 1976, 3844396383, 1383
1977, 1977, 1802283652, 652
1978, 1978, 4055138217, 2217
1979, 1979, 1802283652, 652
1980, 1980, 1802283652, 652
1981, 1981, 3844396383, 1383
1982, 1982, 1802283652, 652
1983, 1983, 4055138217, 2217
1984, 1984, 1802283652, 652
1985, 1985, 1802283652, 652
1986, 1986, 3844396383, 1383
1987, 1987, 1802283652, 652
1988, 1988, 4055138217, 2217
1989, 1989, 1802283652, 652
1990, 1990, 1802283652, 652
1991, 1991, 3844396383, 1383
1992, 1992, 1802283652, 652
1993, 1993, 4055138217, 2217
1994, 1994, 1802283652, 652
1995, 1995, 1802283652, 652
1996, 1996, 3844396383, 1383
1997, 1997, 1802283652, 652
1998, 1998, 4055138217, 2217
1999, 1999, 1802283652, 652
2000, 2000, 1802283652, 652
2001, 2001, 3844396383, 1383
2002, 2002, 1802283652, 652
2003, 2003, 4055138217, 2217
2004, 2004, 1802283652, 652
2005, 2005, 1802283652, 652
2006, 2006, 3844396383, 1383
2007, 2007, 1802283652, 652
2008, 2008, 4055138217, 2217
2009, 2009, 1802283652, 652
2010, 2010, 1802283652, 652
2011, 2011, 3844396383, 1383
2012, 2012, 1802283652, 652
2013, 2013, 4055138217, 2217
2014, 2014, 1802283652, 652
2015, 2015, 1802283652, 652
2016, 2016, 3844396383, 1383
2017, 2017, 1802283652, 652
2018, 2018, 4055138217, 2217
2019, 2019, 1802283652, 652
2020, 2020, 1802283652, 652
2021, 2021, 3844396383, 1383
2022, 2022, 1802283652, 652
2023, 2023, 4055138217, 2217
2024, 2024, 1802283652, 652
2025, 2025, 1802283652, 652
2026, 2026, 3844396383, 1383
2027, 2027, 1802283652, 652
2028, 2028, 4055138217, 2217
2029, 2029, 1802283652, 652
2030, 2030, 1802283652, 652
2031, 2031, 3844396383, 1383
2032, 2032, 1802283652, 652
2033, 2033, 4055138217, 2217
2034, 2034, 1802283652, 652
2035, 2035, 1802283652, 652
2036, 2036, 3844396383, 1383
2037, 2037, 1802283652, 652
2038, 2038, 4055138217, 2217
2039, 2039, 1802283652, 652
2040, 2040, 1802283652, 652
2041, 2041, 3844396383, 1383
2042, 2042, 1802283652, 652
2043, 2043, 4055138217, 2217
2044, 2044, 1802283652, 652
2045, 2045, 1802283652, 652
2046, 2046, 3844396383, 1383
2047, 2047, 1802283652, 652
2048, 2048, 4055138217, 2217
2049, 2049, 1802283652, 652
2050, 2050, 1802283652, 652
2051, 2051, 3844396383, 1383
2052, 2052, 1802283652, 652
2053, 2053, 4055138217, 2217
2054, 2054, 1802283652, 652
2055, 2055, 1802283652, 652
2056, 2056, 3844396383, 1383
2057, 2057, 1802283652, 652
2058, 2058, 4055138217, 2217
2059, 2059, 1802283652, 652
2060, 2060, 1802283652, 652
2061, 2061, 3844396383, 1383
2062, 2062, 1802283652, 652
2063, 2063, 4055138217, 2217
2064, 2064, 1802283652, 652
2065, 2065, 1802283652, 652
2066, 2066, 3844396383, 1383
2067, 2067, 1802283652, 652
2068, 2068, 4055138217, 2217
2069, 2069, 1802283652, 652
2070, 2070, 1802283652, 652
2071, 2071, 3844396383, 1383
2072, 2072, 1802283652, 652
2073, 2073, 4055138217, 2217
2074, 2074, 1802283652, 652
2075, 2075, 1802283652, 652
2076, 2076, 3844396383, 1383
2077, 2077, 1802283652, 652
2078, 2078, 4055138217, 2217
2079, 2079, 1802283652, 652
2080, 2080, 1802283652, 652
2081, 2081, 3844396383, 1383
2082, 2082, 1802283652, 652
2083, 2083, 4055138217, 2217
2084, 2084, 1802283652, 652
2085, 2085, 1802283652, 652
2086, 2086, 3844396383, 1383
2087, 2087, 1802283652, 652
2088, 2088, 4055138217, 2217
2089, 2089, 1802283652, 652
2090, 2090, 1802283652, 652
2091, 2091, 3844396383, 1383
2092, 2092, 1802283652, 652
2093, 2093, 4055138217, 2217
2094, 2094, 1802283652, 652
2095, 2095, 1802283652, 652
2096, 2096, 3844396383, 1383
2097, 2097, 1802283652, 652
2098, 2098, 4055138217, 2217
2099, 2099, 1802283652, 652
2100, 2100, 2252854565, 1565
2101, 2101, 3844396383, 1383
2102, 2102, 2252854565, 1565
2103, 2103, 4055138217, 2217
2104, 2104, 2252854565, 1565
2105, 2105, 2252854565, 1565
2106, 2106, 3844396383, 1383
2107, 2107, 2252854565, 1565
2108, 2108, 4055138217, 2217
2109, 2109, 2252854565, 1565
2110, 2110, 2252854565, 1565
2111, 2111, 3844396383, 1383
2112, 2112, 2252854565, 1565
2113, 2113, 4055138217, 2217
2114, 2114, 2252854565, 1565
2115, 2115, 2252854565, 1565
2116, 2116, 3844396383, 1383
2117, 2117, 2252854565, 1565
2118, 2118, 4055138217, 2217
2119, 2119, 2252854565, 1565
2120, 2120, 2252854565, 1565
2121, 2121, 3844396383, 1383
2122, 2122, 2252854565, 1565
2123, 2123, 4055138217, 2217
2124, 2124, 2252854565, 1565
2125, 2125, 2252854565, 1565
2126, 2126, 3844396383, 1383
2127, 2127, 2252854565, 1565
2128, 2128, 4055138217, 2217
2129, 2129, 2252854565, 1565
2130, 2130, 2252854565, 1565
2131, 2131, 3844396383, 1383
2132, 2132, 2252854565, 1565
2133, 2133, 4055138217, 2217
2134, 2134, 2252854565, 1565
2135, 2135, 2252854565, 1565
2136, 2136, 3844396383, 1383
2137, 2137, 2252854565, 1565
2138, 2138, 4055138217, 2217
2139, 2139, 2252854565, 1565
2140, 2140, 2252854565, 1565
2141, 2141, 3844396383, 1383
2142, 2142, 2252854565, 1565
2143, 2143, 4055138217, 2217
2144, 2144, 2252854565, 1565
2145, 2145, 2252854565, 1565
2146, 2146, 3844396383, 1383
2147, 2147, 2252854565, 1565
2148, 2148, 4055138217, 2217
2149, 2149, 2252854565, 1565
2150, 2150, 2252854565, 1565
2151, 2151, 3844396383, 1383
2152, 2152, 2252854565, 1565
2153, 2153, 4055138217, 2217
2154, 2154, 2252854565, 1565
2155, 2155, 2252854565, 1565
2156, 2156, 3844396383, 1383
2157, 2157, 2252854565, 1565
2158, 2158, 4055138217, 2217
2159, 2159, 2252854565, 1565
2160, 2160, 2252854565, 1565
2161, 2161, 3844396383, 1383
2162, 2162, 2252854565, 1565
2163, 2163, 4055138217, 2217
2164, 2164, 2252854565, 1565
2165, 2165, 2252854565, 1565
2166, 2166, 3844396383, 1383
2167, 2167, 2252854565, 1565
2168, 2168, 4055138217, 2217
2169, 2169, 2252854565, 1565
2170, 2170, 2252854565, 1565
2171, 2171, 3844396383, 1383
2172, 2172, 2252854565, 1565
2173, 2173, 4055138217, 2217
2174, 2174, 2252854565, 1565
2175, 2175, 2252854565, 1565
2176, 2176, 3844396383, 1383
2177, 2177, 2252854565, 1565
2178, 2178, 4055138217, 2217
2179, 2179, 2252854565, 1565
2180, 2180, 2252854565, 1565
2181, 2181, 3844396383, 1383
2182, 2182, 2252854565, 1565
2183, 2183, 4055138217, 2217
2184, 2184, 2252854565, 1565
2185, 2185, 2252854565, 1565
2186, 2186, 3844396383, 1383
2187, 2187, 2252854565, 1565
2188, 2188, 4055138217, 2217
2189, 2189, 2252854565, 1565
2190, 2190, 2252854565, 1565
2191, 2191, 3844396383, 1383
2192, 2192, 2252854565, 1565
2193, 2193, 4055138217, 2217
2194, 2194, 2252854565, 1565
2195, 2195, 2252854565, 1565
2196, 2196, 3844396383, 1383
2197, 2197, 2252854565, 1565
2198, 2198, 4055138217, 2217
2199, 2199, 2252854565, 1565
2200, 2200, 2252854565, 1565
2201, 2201, 3844396383, 1383
2202, 2202, 2252854565, 1565
2203, 2203, 4055138217, 2217
2204, 2204, 2252854565, 1565
2205, 2205, 2252854565, 1565
2206, 2206, 3844396383, 1383
2207, 2207, 2252854565, 1565
2208, 2208, 4055138217, 2217
2209, 2209, 2252854565, 1565
2210, 2210, 2252854565, 1565
2211, 2211, 3844396383, 1383
2212, 2212, 2252854565, 1565
2213, 2213, 4055138217, 2217
2214, 2214, 2252854565, 1565
2215, 2215, 2252854565, 1565
2216, 2216, 3844396383, 1383
2217, 2217, 2252854565, 1565
2218, 2218, 4055138217, 2217
2219, 2219, 2252854565, 1565
2220, 2220, 2252854565, 1565
2221, 2221, 3844396383, 1383
2222, 2222, 2252854565, 1565
2223, 2223, 4055138217, 2217
2224, 2224, 2252854565, 1565
2225, 2225, 2252854565, 1565
2226, 2226, 3844396383, 1383
2227, 2227, 2252854565, 1565
2228, 2228, 4055138217, 2217
2229, 2229, 2252854565, 1565
2230, 2230, 2252854565, 1565
2231, 2231, 3844396383, 1383
2232, 2232, 2252854565, 1565
2233, 2233, 4055138217, 2217
2234, 2234, 2252854565, 1565
2235, 2235, 2252854565, 1565
2236, 2236, 3844396383, 1383
2237, 2237, 2252854565, 1565
2238, 2238, 4055138217, 2217
2239, 2239, 2252854565, 1565
2240, 2240, 2252854565, 1565
2241, 2241, 3844396383, 1383
2242, 2242, 2252854565, 1565
2243, 2243, 4055138217, 2217
2244, 2244, 2252854565, 1565
2245, 2245, 2252854565, 1565
2246, 2246, 3844396383, 1383
2247, 2247, 2252854565, 1565
2248, 2248, 4055138217, 2217
2249, 2249, 2252854565, 1565
2250, 2250, 2252854565, 1565
2251, 2251, 3844396383, 1383
2252, 2252, 2252854565, 1565
2253, 2253, 4055138217, 2217
2254, 2254, 2252854565, 1565
2255, 2255, 2252854565, 1565
2256, 2256, 3844396383, 1383
2257, 2257, 2252854565, 1565
2258, 2258, 4055138217, 2217
2259, 2259, 2252854565, 1565
2260, 2260, 2252854565, 1565
2261, 2261, 3844396383, 1383
2262, 2262, 2252854565, 1565
2263, 2263, 4055138217, 2217
2264, 2264, 2252854565, 1565
2265, 2265, 2252854565, 1565
2266, 2266, 3844396383, 1383
2267, 2267, 2252854565, 1565
2268, 2268, 4055138217, 2217
2269, 2269, 2252854565, 1565
2270, 2270, 2252854565, 1565
2271, 2271, 3844396383, 1383
2272, 2272, 2252854565, 1565
2273, 2273, 4055138217, 2217
2274, 2274, 2252854565, 1565
2275, 2275, 2252854565, 1565
2276, 2276, 3844396383, 1383
2277, 2277, 2252854565, 1565
2278, 2278, 4055138217, 2217
2279, 2279, 2252854565, 1565
2280, 2280, 2252854565, 1565
2281, 2281, 3844396383, 1383
2282, 2282, 2252854565, 1565
2283, 2283, 4055138217, 2217
2284, 2284, 2252854565, 1565
2285, 2285, 2252854565, 1565
2286, 2286, 3844396383, 1383
2287, 2287, 2252854565, 1565
2288, 2288, 4055138217, 2217
2289, 2289, 2252854565, 1565
2290, 2290, 2252854565, 1565
2291, 2291, 3844396383, 1383
2292, 2292, 2252854565, 1565
2293, 2293, 4055138217, 2217
2294, 2294, 2252854565, 1565
2295, 2295, 2252854565, 1565
2296, 2296, 3844396383, 1383
2297, 2297, 2252854565, 1565
2298, 2298, 4055138217, 2217
2299, 2299, 2252854565, 1565
2300, 2300, 2703425478, 2478
2301, 2301, 3844396383, 1383
2302, 2302, 2703425478, 2478
2303, 2303, 4055138217, 2217
2304, 2304, 2703425478, 2478
2305, 2305, 2703425478, 2478
2306, 2306, 3844396383, 1383
2307, 2307, 2703425478, 2478
2308, 2308, 4055138217, 2217
2309, 2309, 2703425478, 2478
2310, 2310, 2703425478, 2478
2311, 2311, 3844396383, 1383
2312, 2312, 2703425478, 2478
2313, 2313, 4055138217, 2217
2314, 2314, 2703425478, 2478
2315, 2315, 2703425478, 2478
2316, 2316, 3844396383, 1383
2317, 2317, 2703425478, 2478
2318, 2318, 4055138217, 2217
2319, 2319, 2703425478, 2478
2320, 2320, 2703425478, 2478
2321, 2321, 3844396383, 1383
2322, 2322, 2703425478, 2478
2323, 2323, 4055138217, 2217
2324, 2324, 2703425478, 2478
2325, 2325, 2703425478, 2478
2326, 2326, 3844396383, 1383
2327, 2327, 2703425478, 2478
2328, 2328, 4055138217, 2217
2329, 2329, 2703425478, 2478
2330, 2330, 2703425478, 2478
2331, 2331, 3844396383, 1383
2332, 2332, 2703425478, 2478
2333, 2333, 4055138217, 2217
2334, 2334, 2703425478, 2478
2335, 2335, 2703425478, 2478
2336, 2336, 3844396383, 1383
2337, 2337, 2703425478, 2478
2338, 2338, 4055138217, 2217
2339, 2339, 2703425478, 2478
2340, 2340, 2703425478, 2478
2341, 2341, 3844396383, 1383
2342, 2342, 2703425478, 2478
2343, 2343, 4055138217, 2217
2344, 2344, 2703425478, 2478
2345, 2345, 2703425478, 2478
2346, 2346, 3844396383, 1383
2347, 2347, 2703425478, 2478
2348, 2348, 4055138217, 2217
2349, 2349, 2703425478, 2478
2350, 2350, 2703425478, 2478
2351, 2351, 3844396383, 1383
2352, 2352, 2703425478, 2478
2353, 2353, 4055138217, 2217
2354, 2354, 2703425478, 2478
2355, 2355, 2703425478, 2478
2356, 2356, 3844396383, 1383
2357, 2357, 2703425478, 2478
2358, 2358, 4055138217, 2217
2359, 2359, 2703425478, 2478
2360, 2360, 2703425478, 2478
2361, 2361, 3844396383, 1383
2362, 2362, 2703425478, 2478
2363, 2363, 4055138217, 2217
2364, 2364, 2703425478, 2478
2365, 2365, 2703425478, 2478
2366, 2366, 3844396383, 1383
2367, 2367, 2703425478, 2478
2368, 2368, 4055138217, 2217
2369, 2369, 2703425478, 2478
2370, 2370, 2703425478, 2478
2371, 2371, 3844396383, 1383
2372, 2372, 2703425478, 2478
2373, 2373, 4055138217, 2217
2374, 2374, 2703425478, 2478
2375, 2375, 2703425478, 2478
2376, 2376, 3844396383, 1383
2377, 2377, 2703425478, 2478
2378, 2378, 4055138217, 2217
2379, 2379, 2703425478, 2478
2380, 2380, 2703425478, 2478
2381, 2381, 3844396383, 1383
2382, 2382, 2703425478, 2478
2383, 2383, 4055138217, 2217
2384, 2384, 2703425478, 2478
2385, 2385, 2703425478, 2478
2386, 2386, 3844396383, 1383
2387, 2387, 2703425478, 2478
2388, 2388, 4055138217, 2217
2389, 2389, 2703425478, 2478
2390, 2390, 2703425478, 2478
2391, 2391, 3844396383, 1383
2392, 2392, 2703425478, 2478
2393, 2393, 4055138217, 2217
2394, 2394, 2703425478, 2478
2395, 2395, 2703425478, 2478
2396, 2396, 3844396383, 1383
2397, 2397, 2703425478, 2478
2398, 2398, 4055138217, 2217
2399, 2399, 2703425478, 2478
2400, 2400, 2703425478, 2478
2401, 2401, 3844396383, 1383
2402, 2402, 2703425478, 2478
2403, 2403, 4055138217, 2217
2404, 2404, 2703425478, 2478
2405, 2405, 2703425478, 2478
2406, 2406, 3844396383, 1383
2407, 2407, 2703425478, 2478
2408, 2408, 4055138217, 2217
2409, 2409, 2703425478, 2478
2410, 2410, 2703425478, 2478
2411, 2411, 3844396383, 1383
2412, 2412, 2703425478, 2478
2413, 2413, 4055138217, 2217
2414, 2414, 2703425478, 2478
2415, 2415, 2703425478, 2478
2416, 2416, 3844396383, 1383
2417, 2417, 2703425478, 2478
2418, 2418, 4055138217, 2217
2419, 2419, 2703425478, 2478
2420, 2420, 2703425478, 2478
2421, 2421, 3844396383, 1383
2422, 2422, 2703425478, 2478
2423, 2423, 4055138217, 2217
2424, 2424, 2703425478, 2478
2425, 2425, 2703425478, 2478
2426, 2426, 3844396383, 1383
2427, 2427, 2703425478, 2478
2428, 2428, 4055138217, 2217
2429, 2429, 2703425478, 2478
2430, 2430, 2703425478, 2478
2431, 2431, 3844396383, 1383
2432, 2432, 2703425478, 2478
2433, 2433, 4055138217, 2217
2434, 2434, 2703425478, 2478
2435, 2435, 2703425478, 2478
2436, 2436, 3844396383, 1383
2437, 2437, 2703425478, 2478
2438, 2438, 4055138217, 2217
2439, 2439, 2703425478, 2478
2440, 2440, 2703425478, 2478
2441, 2441, 3844396383, 1383
2442, 2442, 2703425478, 2478
2443, 2443, 4055138217, 2217
2444, 2444, 2703425478, 2478
2445, 2445, 2703425478, 2478
2446, 2446, 3844396383, 1383
2447, 2447, 2703425478, 2478
2448, 2448, 4055138217, 2217
2449, 2449, 2703425478, 2478
2450, 2450, 2703425478, 2478
2451, 2451, 3844396383, 1383
2452, 2452, 2703425478, 2478
2453, 2453, 4055138217, 2217
2454, 2454, 2703425478, 2478
2455, 2455, 2703425478, 2478
2456, 2456, 3844396383, 1383
2457, 2457, 2703425478, 2478
2458, 2458, 4055138217, 2217
2459, 2459, 2703425478, 2478
2460, 2460, 2703425478, 2478
2461, 2461, 3844396383, 1383
2462, 2462, 2703425478, 2478
2463, 2463, 4055138217, 2217
2464, 2464, 2703425478, 2478
2465, 2465, 2703425478, 2478
2466, 2466, 3844396383, 1383
2467, 2467, 2703425478, 2478
2468, 2468, 4055138217, 2217
2469, 2469, 2703425478, 2478
2470, 2470, 2703425478, 2478
2471, 2471, 3844396383, 1383
2472, 2472, 2703425478, 2478
2473, 2473, 4055138217, 2217
2474, 2474, 2703425478, 2478
2475, 2475, 2703425478, 2478
2476, 2476, 3844396383, 1383
2477, 2477, 2703425478, 2478
2478, 2478, 4055138217, 2217
2479, 2479, 2703425478, 2478
2480, 2480, 2703425478, 2478
2481, 2481, 3844396383, 1383
2482, 2482, 2703425478, 2478
2483, 2483, 4055138217, 2217
2484, 2484, 2703425478, 2478
2485, 2485, 2703425478, 2478
2486, 2486, 3844396383, 1383
2487, 2487, 2703425478, 2478
2488, 2488, 4055138217, 2217
2489, 2489, 2703425478, 2478
2490, 2490, 2703425478, 2478
2491, 2491, 3844396383, 1383
2492, 2492, 2703425478, 2478
2493, 2493, 4055138217, 2217
2494, 2494, 2703425478, 2478
2495, 2495, 2703425478, 2478
2496, 2496, 3844396383, 1383
2497, 2497, 2703425478, 2478
2498, 2498, 4055138217, 2217
2499, 2499, 2703425478, 2478
2500, 2500, 3153996391, 391
2501, 2501, 3844396383, 1383
2502, 2502, 3153996391, 391
2503, 2503, 4055138217, 2217
2504, 2504, 3153996391, 391
2505, 2505, 3153996391, 391
2506, 2506, 3844396383, 1383
2507, 2507, 3153996391, 391
2508, 2508, 4055138217, 2217
2509, 2509, 3153996391, 391
2510, 2510, 3153996391, 391
2511, 2511, 3844396383, 1383
2512, 2512, 3153996391, 391
2513, 2513, 4055138217, 2217
2514, 2514, 3153996391, 391
2515, 2515, 3153996391, 391
2516, 2516, 3844396383, 1383
2517, 2517, 3153996391, 391
2518, 2518, 4055138217, 2217
2519, 2519, 3153996391, 391
2520, 2520, 3153996391, 391
2521, 2521, 3844396383, 1383
2522, 2522, 3153996391, 391
2523, 2523, 4055138217, 2217
2524, 2524, 3153996391, 391
2525, 2525, 3153996391, 391
2526, 2526, 3844396383, 1383
2527, 2527, 3153996391, 391
2528, 2528, 4055138217, 2217
2529, 2529, 3153996391, 391
2530, 2530, 3153996391, 391
2531, 2531, 3844396383, 1383
2532, 2532, 3153996391, 391
2533, 2533, 4055138217, 2217
2534, 2534, 3153996391, 391
2535, 2535, 3153996391, 391
2536, 2536, 3844396383, 1383
2537, 2537, 3153996391, 391
2538, 2538, 4055138217, 2217
2539, 2539, 3153996391, 391
2540, 2540, 3153996391, 391
2541, 2541, 3844396383, 1383
2542, 2542, 3153996391, 391
2543, 2543, 4055138217, 2217
2544, 2544, 3153996391, 391
2545, 2545, 3153996391, 391
2546, 2546, 3844396383, 1383
2547, 2547, 3153996391, 391
2548, 2548, 4055138217, 2217
2549, 2549, 3153996391, 391
2550, 2550, 3153996391, 391
2551, 2551, 3844396383, 1383
2552, 2552, 3153996391, 391
2553, 2553, 4055138217, 2217
2554, 2554, 3153996391, 391
2555, 2555, 3153996391, 391
2556, 2556, 3844396383, 1383
2557, 2557, 3153996391, 391
2558, 2558, 4055138217, 2217
2559, 2559, 3153996391, 391
2560, 2560, 3153996391, 391
2561, 2561, 3844396383, 1383
2562, 2562, 3153996391, 391
2563, 2563, 4055138217, 2217
2564, 2564, 3153996391, 391
2565, 2565, 3153996391, 391
2566, 2566, 3844396383, 1383
2567, 2567, 3153996391, 391
2568, 2568, 4055138217, 2217
2569, 2569, 3153996391, 391
2570, 2570, 3153996391, 391
2571, 2571, 3844396383, 1383
2572, 2572, 3153996391, 391
2573, 2573, 4055138217, 2217
2574, 2574, 3153996391, 391
2575, 2575, 3153996391, 391
2576, 2576, 3844396383, 1383
2577, 2577, 3153996391, 391
2578, 2578, 4055138217, 2217
2579, 2579, 3153996391, 391
2580, 2580, 3153996391, 391
2581, 2581, 3844396383, 1383
2582, 2582, 3153996391, 391
2583, 2583, 4055138217, 2217
2584, 2584, 3153996391, 391
2585, 2585, 3153996391, 391
2586, 2586, 3844396383, 1383
2587, 2587, 3153996391, 391
2588, 2588, 4055138217, 2217
2589, 2589, 3153996391, 391
2590, 2590, 3153996391, 391
2591, 2591, 3844396383, 1383
2592, 2592, 3153996391, 391
2593, 2593, 4055138217, 2217
2594, 2594, 3153996391, 391
2595, 2595, 3153996391, 391
2596, 2596, 3844396383, 1383
2597, 2597, 3153996391, 391
2598, 2598, 4055138217, 2217
2599, 2599, 3153996391, 391
2600, 2600, 3153996391, 391
2601, 2601, 3844396383, 1383
2602, 2602, 3153996391, 391
2603, 2603, 4055138217, 2217
2604, 2604, 3153996391, 391
2605, 2605, 3153996391, 391
2606, 2606, 3844396383, 1383
2607, 2607, 3153996391, 391
2608, 2608, 4055138217, 2217
2609, 2609, 3153996391, 391
2610, 2610, 3153996391, 391
2611, 2611, 3844396383, 1383
2612, 2612, 3153996391, 391
2613, 2613, 4055138217, 2217
2614, 2614, 3153996391, 391
2615, 2615, 3153996391, 391
2616, 2616, 3844396383, 1383
2617, 2617, 3153996391, 391
2618, 2618, 4055138217, 2217
2619, 2619, 3153996391, 391
2620, 2620, 3153996391, 391
2621, 2621, 3844396383, 1383
2622, 2622, 3153996391, 391
2623, 2623, 4055138217, 2217
2624, 2624, 3153996391, 391
2625, 2625, 3153996391, 391
2626, 2626, 3844396383, 1383
2627, 2627, 3153996391, 391
2628, 2628, 4055138217, 2217
2629, 2629, 3153996391, 391
2630, 2630, 3153996391, 391
2631, 2631, 3844396383, 1383
2632, 2632, 3153996391, 391
2633, 2633, 4055138217, 2217
2634, 2634, 3153996391, 391
2635, 2635, 3153996391, 391
2636, 2636, 3844396383, 1383
2637, 2637, 3153996391, 391
2638, 2638, 4055138217, 2217
2639, 2639, 3153996391, 391
2640, 2640, 3153996391, 391
2641, 2641, 3844396383, 1383
2642, 2642, 3153996391, 391
2643, 2643, 4055138217, 2217
2644, 2644, 3153996391, 391
2645, 2645, 3153996391, 391
2646, 2646, 3844396383, 1383
2647, 2647, 3153996391, 391
2648, 2648, 4055138217, 2217
2649, 2649, 3153996391, 391
2650, 2650, 3153996391, 391
2651, 2651, 3844396383, 1383
2652, 2652, 3153996391, 391
2653, 2653, 4055138217, 2217
2654, 2654, 3153996391, 391
2655, 2655, 3153996391, 391
2656, 2656, 3844396383, 1383
2657, 2657, 3153996391, 391
2658, 2658, 4055138217, 2217
2659, 2659, 3153996391, 391
2660, 2660, 3153996391, 391
2661, 2661, 3844396383, 1383
2662, 2662, 3153996391, 391
2663, 2663, 4055138217, 2217
2664, 2664, 3153996391, 391
2665, 2665, 3153996391, 391
2666, 2666, 3844396383, 1383
2667, 2667, 3153996391, 391
2668, 2668, 4055138217, 2217
2669, 2669, 3153996391, 391
2670, 2670, 3153996391, 391
2671, 2671, 3844396383, 1383
2672, 2672, 3153996391, 391
2673, 2673, 4055138217, 2217
2674, 2674, 3153996391, 391
2675, 2675, 3153996391, 391
2676, 2676, 3844396383, 1383
2677, 2677, 3153996391, 391
2678, 2678, 4055138217, 2217
2679, 2679, 3153996391, 391
2680, 2680, 3153996391, 391
2681, 2681, 3844396383, 1383
2682, 2682, 3153996391, 391
2683, 2683, 4055138217, 2217
2684, 2684, 3153996391, 391
2685, 2685, 3153996391, 391
2686, 2686, 3844396383, 1383
2687, 2687, 3153996391, 391
2688, 2688, 4055138217, 2217
2689, 2689, 3153996391, 391
2690, 2690, 3153996391, 391
2691, 2691, 3844396383, 1383
2692, 2692, 3153996391, 391
2693, 2693, 4055138217, 2217
2694, 2694, 3153996391, 391
2695, 2695, 3153996391, 391
2696, 2696, 3844396383, 1383
2697, 2697, 3153996391, 391
2698, 2698, 4055138217, 2217
2699, 2699, 3153996391, 391
2700, 2700, 3604567304, 1304
2701, 2701, 3844396383, 1383
2702, 2702, 3604567304, 1304
2703, 2703, 4055138217, 2217
2704, 2704, 3604567304, 1304
2705, 2705, 3604567304, 1304
2706, 2706, 3844396383, 1383
2707, 2707, 3604567304, 1304
2708, 2708, 4055138217, 2217
2709, 2709, 3604567304, 1304
2710, 2710, 3604567304, 1304
2711, 2711, 3844396383, 1383
2712, 2712, 3604567304, 1304
2713, 2713, 4055138217, 2217
2714, 2714, 3604567304, 1304
2715, 2715, 3604567304, 1304
2716, 2716, 3844396383, 1383
2717, 2717, 3604567304, 1304
2718, 2718, 4055138217, 2217
2719, 2719, 3604567304, 1304
2720, 2720, 3604567304, 1304
2721, 2721, 3844396383, 1383
2722, 2722, 3604567304, 1304
2723, 2723, 4055138217, 2217
2724, 2724, 3604567304, 1304
2725, 2725, 3604567304, 1304
2726, 2726, 3844396383, 1383
2727, 2727, 3604567304, 1304
2728, 2728, 4055138217, 2217
2729, 2729, 3604567304, 1304
2730, 2730, 3604567304, 1304
2731, 2731, 3844396383, 1383
2732, 2732, 3604567304, 1304
2733, 2733, 4055138217, 2217
2734, 2734, 3604567304, 1304
2735, 2735, 3604567304, 1304
2736, 2736, 3844396383, 1383
2737, 2737, 3604567304, 1304
2738, 2738, 4055138217, 2217
2739, 2739, 3604567304, 1304
2740, 2740, 3604567304, 1304
2741, 2741, 3844396383, 1383
2742, 2742, 3604567304, 1304
2743, 2743, 4055138217, 2217
2744, 2744, 3604567304, 1304
2745, 2745, 3604567304, 1304
2746, 2746, 3844396383, 1383
2747, 2747, 3604567304, 1304
2748, 2748, 4055138217, 2217
2749, 2749, 3604567304, 1304
2750, 2750, 3604567304, 1304
2751, 2751, 3844396383, 1383
2752, 2752, 3604567304, 1304
2753, 2753, 4055138217, 2217
2754, 2754, 3604567304, 1304
2755, 2755, 3604567304, 1304
2756, 2756, 3844396383, 1383
2757, 2757, 3604567304, 1304
2758, 2758, 4055138217, 2217
2759, 2759, 3604567304, 1304
2760, 2760, 3604567304, 1304
2761, 2761, 3844396383, 1383
2762, 2762, 3604567304, 1304
2763, 2763, 4055138217, 2217
2764, 2764, 3604567304, 1304
2765, 2765, 3604567304, 1304
2766, 2766, 3844396383, 1383
2767, 2767, 3604567304, 1304
2768, 2768, 4055138217, 2217
2769, 2769, 3604567304, 1304
2770, 2770, 3604567304, 1304
2771, 2771, 3844396383, 1383
2772, 2772, 3604567304, 1304
2773, 2773, 4055138217, 2217
2774, 2774, 3604567304, 1304
2775, 2775, 3604567304, 1304
2776, 2776, 3844396383, 1383
2777, 2777, 3604567304, 1304
2778, 2778, 4055138217, 2217
2779, 2779, 3604567304, 1304
2780, 2780, 3604567304, 1304
2781, 2781, 3844396383, 1383
2782, 2782, 3604567304, 1304
2783, 2783, 4055138217, 2217
2784, 2784, 3604567304, 1304
2785, 2785, 3604567304, 1304
2786, 2786, 3844396383, 1383
2787, 2787, 3604567304, 1304
2788, 2788, 4055138217, 2217
2789, 2789, 3604567304, 1304
2790, 2790, 3604567304, 1304
2791, 2791, 3844396383, 1383
2792, 2792, 3604567304, 1304
2793, 2793, 4055138217, 2217
2794, 2794, 3604567304, 1304
2795, 2795, 3604567304, 1304
2796, 2796, 3844396383, 1383
2797, 2797, 3604567304, 1304
2798, 2798, 4055138217, 2217
2799, 2799, 3604567304, 1304
2800, 2800, 3604567304, 1304
2801, 2801, 3844396383, 1383
2802, 2802, 3604567304, 1304
2803, 2803, 4055138217, 2217
2804, 2804, 3604567304, 1304
2805, 2805, 3604567304, 1304
2806, 2806, 3844396383, 1383
2807, 2807, 3604567304, 1304
2808, 2808, 4055138217, 2217
2809, 2809, 3604567304, 1304
2810, 2810, 3604567304, 1304
2811, 2811, 3844396383, 1383
2812, 2812, 3604567304, 1304
2813, 2813, 4055138217, 2217
2814, 2814, 3604567304, 1304
2815, 2815, 3604567304, 1304
2816, 2816, 3844396383, 1383
2817, 2817, 3604567304, 1304
2818, 2818, 4055138217, 2217
2819, 2819, 3604567304, 1304
2820, 2820, 3604567304, 1304
2821, 2821, 3844396383, 1383
2822, 2822, 3604567304, 1304
2823, 2823, 4055138217, 2217
2824, 2824, 3604567304, 1304
2825, 2825, 3604567304, 1304
2826, 2826, 3844396383, 1383
2827, 2827, 3604567304, 1304
2828, 2828, 4055138217, 2217
2829, 2829, 3604567304, 1304
2830, 2830, 3604567304, 1304
2831, 2831, 3844396383, 1383
2832, 2832, 3604567304, 1304
2833, 2833, 4055138217, 2217
2834, 2834, 3604567304, 1304
2835, 2835, 3604567304, 1304
2836, 2836, 3844396383, 1383
2837, 2837, 3604567304, 1304
2838, 2838, 4055138217, 2217
2839, 2839, 3604567304, 1304
2840, 2840, 3604567304, 1304
2841, 2841, 3844396383, 1383
2842, 2842, 3604567304, 1304
2843, 2843, 4055138217, 2217
2844, 2844, 3604567304, 1304
2845, 2845, 3604567304, 1304
2846, 2846, 3844396383, 1383
2847, 2847, 3604567304, 1304
2848, 2848, 4055138217, 2217
2849, 2849, 3604567304, 1304
2850, 2850, 3604567304, 1304
2851, 2851, 3844396383, 1383
2852, 2852, 3604567304, 1304
2853, 2853, 4055138217, 2217
2854, 2854, 3604567304, 1304
2855, 2855, 3604567304, 1304
2856, 2856, 3844396383, 1383
2857, 2857, 3604567304, 1304
2858, 2858, 4055138217, 2217
2859, 2859, 3604567304, 1304
2860, 2860, 3604567304, 1304
2861, 2861, 3844396383, 1383
2862, 2862, 3604567304, 1304
2863, 2863, 4055138217, 2217
2864, 2864, 3604567304, 1304
2865, 2865, 3604567304, 1304
2866, 2866, 3844396383, 1383
2867, 2867, 3604567304, 1304
2868, 2868, 4055138217, 2217
2869, 2869, 3604567304, 1304
2870, 2870, 3604567304, 1304
2871, 2871, 3844396383, 1383
2872, 2872, 3604567304, 1304
2873, 2873, 4055138217, 2217
2874, 2874, 3604567304, 1304
2875, 2875, 3604567304, 1304
2876, 2876, 3844396383, 1383
2877, 2877, 3604567304, 1304
2878, 2878, 4055138217, 2217
2879, 2879, 3604567304, 1304
2880, 2880, 3604567304, 1304
2881, 2881, 3844396383, 1383
2882, 2882, 3604567304, 1304
2883, 2883, 4055138217, 2217
2884, 2884, 3604567304, 1304
2885, 2885, 3604567304, 1304
2886, 2886, 3844396383, 1383
2887, 2887, 3604567304, 1304
2888, 2888, 4055138217, 2217
2889, 2889, 3604567304, 1304
2890, 2890, 3604567304, 1304
2891, 2891, 3844396383, 1383
2892, 2892, 3604567304, 1304
2893, 2893, 4055138217, 2217
2894, 2894, 3604567304, 1304
2895, 2895, 3604567304, 1304
2896, 2896, 3844396383, 1383
2897, 2897, 3604567304, 1304
2898, 2898, 4055138217, 2217
2899, 2899, 3604567304, 1304
2900, 2900, 4055138217, 2217
2901, 2901, 3844396383, 1383
2902, 2902, 4055138217, 2217
2903, 2903, 4055138217, 2217
2904, 2904, 4055138217, 2217
2905, 2905, 4055138217, 2217
2906, 2906, 3844396383, 1383
2907, 2907, 4055138217, 2217
2908, 2908, 4055138217, 2217
2909, 2909, 4055138217, 2217
2910, 2910, 4055138217, 2217
2911, 2911, 3844396383, 1383
2912, 2912, 4055138217, 2217
2913, 2913, 4055138217, 2217
2914, 2914, 4055138217, 2217
2915, 2915, 4055138217, 2217
2916, 2916, 3844396383, 1383
2917, 2917, 4055138217, 2217
2918, 2918, 4055138217, 2217
2919, 2919, 4055138217, 2217
2920, 2920, 4055138217, 2217
2921, 2921, 3844396383, 1383
2922, 2922, 4055138217, 2217
2923, 2923, 4055138217, 2217
2924, 2924, 4055138217, 2217
2925, 2925, 4055138217, 2217
2926, 2926, 3844396383, 1383
2927, 2927, 4055138217, 2217
2928, 2928, 4055138217, 2217
2929, 2929, 4055138217, 2217
2930, 2930, 4055138217, 2217
2931, 2931, 3844396383, 1383
2932, 2932, 4055138217, 2217
2933, 2933, 4055138217, 2217
2934, 2934, 4055138217, 2217
2935, 2935, 4055138217, 2217
2936, 2936, 3844396383, 1383
2937, 2937, 4055138217, 2217
2938, 2938, 4055138217, 2217
2939, 2939, 4055138217, 2217
2940, 2940, 4055138217, 2217
2941, 2941, 3844396383, 1383
2942, 2942, 4055138217, 2217
2943, 2943, 4055138217, 2217
2944, 2944, 4055138217, 2217
2945, 2945, 4055138217, 2217
2946, 2946, 3844396383, 1383
2947, 2947, 4055138217, 2217
2948, 2948, 4055138217, 2217
2949, 2949, 4055138217, 2217
2950, 2950, 4055138217, 2217
2951, 2951, 3844396383, 1383
2952, 2952, 4055138217, 2217
2953, 2953, 4055138217, 2217
2954, 2954, 4055138217, 2217
2955, 2955, 4055138217, 2217
2956, 2956, 3844396383, 1383
2957, 2957, 4055138217, 2217
2958, 2958, 4055138217, 2217
2959, 2959, 4055138217, 2217
2960, 2960, 4055138217, 2217
2961, 2961, 3844396383, 1383
2962, 2962, 4055138217, 2217
2963, 2963, 4055138217, 2217
2964, 2964, 4055138217, 2217
2965, 2965, 4055138217, 2217
2966, 2966, 3844396383, 1383
2967, 2967, 4055138217, 2217
2968, 2968, 4055138217, 2217
2969, 2969, 4055138217, 2217
2970, 2970, 4055138217, 2217
2971, 2971, 3844396383, 1383
2972, 2972, 4055138217, 2217
2973, 2973, 4055138217, 2217
2974, 2974, 4055138217, 2217
2975, 2975, 4055138217, 2217
2976, 2976, 3844396383, 1383
2977, 2977, 4055138217, 2217
2978, 2978, 4055138217, 2217
2979, 2979, 4055138217, 2217
2980, 2980, 4055138217, 2217
2981, 2981, 3844396383, 1383
2982, 2982, 4055138217, 2217
2983, 2983, 4055138217, 2217
2984, 2984, 4055138217, 2217
2985, 2985, 4055138217, 2217
2986, 2986, 3844396383, 1383
2987, 2987, 4055138217, 2217
2988, 2988, 4055138217, 2217
2989, 2989, 4055138217, 2217
2990, 2990, 4055138217, 2217
2991, 2991, 3844396383, 1383
2992, 2992, 4055138217, 2217
2993, 2993, 4055138217, 2217
2994, 2994, 4055138217, 2217
2995, 2995, 4055138217, 2217
2996, 2996, 3844396383, 1383
2997, 2997, 4055138217, 2217
2998, 2998, 4055138217, 2217
2999, 2999, 4055138217, 2217
